date,wellbeing_index,wellbeing_index_smooth
2025-02-12,6.739583333333333,5.136349411634859
2025-02-13,5.756578947368421,5.371838696234526
2025-02-14,2.140625,5.586458294054451
2025-02-15,5.609375,5.781016089618255
2025-02-16,4.875,5.956334654413478
2025-02-17,4.5,6.113248396981331
2025-02-18,9.3125,6.252600803197206
2025-02-19,8.78125,6.375241766741973
2025-02-21,8.234375,6.482025009764049
2025-02-25,5.875,6.573805593732239
2025-02-26,7.35,6.651437520479352
2025-02-27,6.24609375,6.715771423436598
2025-02-28,6.75,6.767652349058753
2025-03-01,5.15625,6.8079176284401015
2025-03-02,3.40625,6.837394839121156
2025-03-03,7.697916666666667,6.85689985708615
2025-03-04,9.78125,6.8672349989513
2025-03-06,6.366666666666666,6.869187254343854
2025-03-07,6.048611111111111,6.863526608471903
2025-03-08,6.40625,6.851004454884983
2025-03-09,8.25,6.832352098425428
2025-03-12,7.138392857142857,6.808279348370524
2025-03-13,5.25,6.779473201765421
2025-03-14,6.244791666666667,6.746596616946824
2025-03-16,3.0000000000000004,6.710287377257463
2025-03-17,7.125,6.671157044951331
2025-03-18,6.34375,6.629790005289703
2025-03-19,8.9375,6.586742600827929
2025-03-20,9.71875,6.542542355892995
2025-03-21,7.4375,6.4976872912518715
2025-03-25,6.21875,6.452645328970624
2025-03-26,7.0703125,6.407853787464308
2025-03-27,6.097267316017316,6.3637189667376335
2025-03-28,6.044849537037037,6.320615823816405
2025-03-29,5.799418604651163,6.27888773836974
2025-03-30,5.769791666666666,6.23884636852306
2025-03-31,6.425,6.200771596861853
2025-04-01,5.141826923076923,6.164911566626218
2025-04-02,5.855113636363637,6.13148280809618
2025-04-03,5.808035714285714,6.100670455167778
2025-04-04,6.50625,6.072628552119936
2025-04-05,7.3375,6.047480450572096
2025-04-06,4.958333333333333,6.025319296632639
2025-04-07,6.173076923076923,6.006208608238077
2025-04-08,4.607142857142857,5.990182942683007
2025-04-09,7.175986842105263,5.977248654340871
2025-04-10,6.014501633986928,5.967384742575447
2025-04-11,6.046580188679245,5.960543789843163
2025-04-12,5.870404411764706,5.956652989986145
2025-04-13,5.76125,5.955615266716064
2025-04-14,5.8,6.021845052852848
2025-04-15,6.438657407407407,6.061555128000987
2025-04-16,5.325,6.004137023046874
2025-04-17,4.878125,6.002413088159631
2025-04-18,5.303571428571429,5.969804423975196
2025-04-19,7.013392857142857,5.885678097459893
2025-04-20,6.9609375,5.925571879730408
2025-04-21,5.432291666666667,5.9880669245213305
2025-04-22,6.010416666666667,6.061775095967726
2025-04-23,6.961956521739131,6.06824658260917
2025-04-24,6.256971153846154,6.134629444894461
2025-04-25,6.035618279569892,6.149564111997266
2025-04-26,6.236519607843137,6.1724757310642975
2025-04-27,5.9443359375,6.158803646630111
2025-04-28,5.78375,6.0952889168760525
2025-04-29,6.508928571428571,6.100519502000025
2025-04-30,5.984375,6.176204308807948
2025-05-01,5.4460227272727275,6.198247300090406
2025-05-02,7.75,6.20857707932594
2025-05-03,5.526785714285714,6.226485776762461
2025-05-04,6.267857142857143,6.2754224195313855
2025-05-05,5.98125,6.323189103424768
2025-05-06,6.515625,6.344780603939693
2025-05-07,7.5,6.350594857038821
2025-05-08,5.996238425925926,6.229436165480676
2025-05-09,6.291796875,6.225902715155695
2025-05-10,6.4296875,6.167575346374733
2025-05-11,6.0796875,6.166979216543985
2025-05-12,6.207291666666666,6.209974887564753
2025-05-13,6.043269230769231,6.220085177239106
2025-05-14,5.504464285714286,6.216999153241659
2025-05-15,5.3125,6.245534257401576
2025-05-16,5.83203125,6.232690089279123
2025-05-17,6.239583333333333,6.231596068932894
2025-05-18,6.614583333333333,6.231791881064906
2025-05-19,5.8203125,6.218343421184215
2025-05-20,6.40625,6.214996017225716
2025-05-21,6.58125,6.186929442622503
2025-05-22,6.123161764705882,6.159089082998177
2025-05-23,6.503289473684211,6.142754287375901
2025-05-24,5.894675925925926,6.138890621876348
2025-05-25,6.477678571428571,6.161327032407847
2025-05-26,6.452083333333333,6.130179543203436
2025-05-27,6.234913793103448,6.121999673772098
2025-05-28,6.109375,6.078636689803108
2025-05-29,4.833333333333333,6.103892160472967
2025-05-30,6.388020833333333,6.092643873371131
2025-05-31,6.6328125,6.077324225735759
2025-06-02,6.28125,6.058438119210315
2025-06-03,6.5,6.054676935973217
2025-06-04,5.546875,6.044206928840505
2025-06-05,6.184621710526316,6.035696600457883
2025-06-06,6.274122807017544,6.015680222984384
2025-06-07,6.097321428571429,5.980594753354899
2025-06-08,6.083705357142857,5.951460523876294
2025-06-09,7.0546875,5.949828242116163
2025-06-10,6.224264705882353,5.954411483258004
2025-06-11,5.525568181818182,5.933037993129575
2025-06-12,5.040625,5.922074733504276
2025-06-13,5.859375,5.936565079972847
2025-06-14,4.43125,5.9413119639572365
2025-06-15,5.666666666666667,5.932419366943044
2025-06-16,6.154545454545454,5.930222364000461
2025-06-17,6.388392857142857,5.930399401900264
2025-06-18,5.819040697674419,5.92566997695774
2025-06-19,6.238392857142857,5.92747495640496
2025-06-20,6.169270833333333,5.9235900423653955
2025-06-21,5.996710526315789,5.905116321116489
2025-06-22,5.984375,5.960009649841686
2025-06-23,5.609375,5.943544851507648
2025-06-24,6.352864583333333,5.956806536038535
2025-06-25,6.002403846153846,5.964964239838332
2025-06-26,4.868303571428571,5.983068433473497
2025-06-27,5.84765625,6.0436730951655075
2025-06-28,7.5625,6.044140448058143
2025-06-29,5.21875,6.0789584665796115
2025-06-30,6.209478021978022,6.0939130378715465
2025-07-01,6.228305785123967,6.128383968711445
2025-07-02,6.160966981132075,6.140590681543158
2025-07-03,6.4573170731707314,6.172971067987716
2025-07-04,6.1178977272727275,6.185225670202578
2025-07-05,5.545454545454546,6.196573294723632
2025-07-06,6.69140625,6.198612362607366
2025-07-07,6.28173828125,6.2239396530966
2025-07-08,5.838392857142857,6.243254448518563
2025-07-09,6.203125,6.246534671420512
2025-07-10,6.5234375,6.257466326779083
2025-07-11,6.335200471698113,6.2862890445409505
2025-07-12,6.871527777777778,6.296853408329706
2025-07-13,6.199728260869565,6.304038198876164
2025-07-14,6.2235576923076925,6.278488620768856
2025-07-15,6.272453703703704,6.263021856443635
2025-07-16,6.497093023255814,6.261951023870105
2025-07-17,6.583841463414634,6.275859116256587
2025-07-18,6.336397058823529,6.281527895256662
2025-07-19,5.4453125,6.256344270342819
2025-07-20,6.021634615384615,6.257142934548624
2025-07-21,6.35,6.264044804905325
2025-07-22,6.565340909090909,6.296746900172695
2025-07-23,5.755681818181818,6.292410528149949
2025-07-24,5.916666666666667,6.255472987414657
2025-07-25,6.760063559322034,6.2308992423024945
2025-07-26,6.462673611111111,6.180937907910717
2025-07-27,6.373511904761905,6.200342027424074
2025-07-28,5.916294642857143,6.186575731070243
2025-07-29,6.25,6.18928422576494
2025-07-30,6.429555084745763,6.209224824975507
2025-07-31,6.203898514851486,6.221928840979352
2025-08-01,6.041875,6.224811253281435
2025-08-02,5.913602941176471,6.252652263166107
2025-08-03,5.822916666666667,6.260609295308857
2025-08-04,6.301196808510638,6.262285793673424
2025-08-05,6.419270833333333,6.266063885612409
2025-08-06,6.14453125,6.270406801441635
2025-08-07,6.087053571428571,6.275293560016212
2025-08-08,6.639973958333333,6.2806937146747215
2025-08-09,6.659007352941177,6.2865675914951655
2025-08-10,6.7038690476190474,6.292866606896961
2025-08-11,5.773897058823529,6.299533664589057
2025-08-12,7.071428571428571,6.3065036318641114
2025-08-13,6.4749623493975905,6.313703895238754
2025-08-14,6.281828703703703,6.321054995439906
2025-08-15,6.208333333333333,6.328471341737217
2025-08-16,5.34375,6.335862005621558
2025-08-17,6.830357142857143,6.343131593829601
2025-08-18,5.604166666666667,6.350181200714494
2025-08-19,6.829166666666667,6.356909439962556
2025-08-20,5.786931818181818,6.363213555656149
2025-08-21,7.151041666666667,6.368990612682534
2025-08-22,6.410714285714286,6.374138766488873
2025-08-23,6.77875,6.3785586121832845
2025-08-24,6.293478260869565,6.382154612981973
2025-08-25,6.9125,6.3848366080024865
2025-08-26,6.0390625,6.386521399402932
2025-08-27,6.589683219178082,6.387134418867458
2025-08-28,6.427649456521739,6.386611473437622
2025-08-29,6.454637096774194,6.384900570689988
2025-08-30,5.622395833333333,6.381963823259727
2025-08-31,5.59375,6.377779432710303
2025-09-01,5.87109375,6.372343752749288
2025-09-02,6.80078125,6.3656734317901496
2025-09-03,7.296875,6.357807634860311
2025-09-04,7.15625,6.348810344855019
2025-09-05,6.475,6.338772743137575
2025-09-06,6.73828125,6.3278156694854
2025-09-07,6.461309523809524,6.316092161382436
2025-09-08,6.321875,6.303790072657307
2025-09-09,6.21875,6.291134771467905
2025-09-10,4.15625,6.278391917631778
2025-09-11,5.53125,6.265870319302764
2025-09-14,5.96875,6.253924868993592
2025-09-15,6.021739130434782,6.2429595589447135
2025-09-16,7.9375,6.233430575838997
2025-09-17,4.90625,6.225849474862785
2025-09-18,6.260416666666667,6.220786433112731
2025-09-19,7.298387096774194,6.218873582348901
2025-09-20,6.665625,6.220808421093991
2025-09-21,6.70625,6.227357306078399
2025-09-22,6.709375,6.23935902303157
2025-09-23,6.34375,6.257728436819559
2025-09-24,5.15625,6.28346022092823
