pid,playtime_2weeks,wellbeing_index,neuro_status,age,gender,edu_level,age_bin,playtime_2weeks_hrs
p1009727917,36.484194781106034,6.0,No,30,Non-Binary,Bachelor's,26-30,0.6080699130184339
p1018587010,0.0,7.5625,Yes,28,Man,High School,26-30,0.0
p1033719717,79.89642857142857,3.1562500000000004,Yes,26,Woman,Bachelor's,26-30,1.3316071428571428
p1049789162,24.964285714285715,5.3125,No,29,Man,Bachelor's,26-30,0.4160714285714286
p1052182009,141.1890873015873,7.020833333333333,Yes,24,Woman,High School,21-25,2.353151455026455
p1059215933,72.81190476190476,7.0,No,30,Man,Bachelor's,26-30,1.2135317460317459
p1094265475,8.095238095238095,8.53125,Yes,28,Man,Master's/Doctorate,26-30,0.1349206349206349
p1099456182,12.870238095238095,3.625,Yes,20,Non-Binary,Bachelor's,18-20,0.21450396825396825
p1106205603,5.32063492063492,7.8125,Yes,39,Man,Bachelor's,36-40,0.08867724867724867
p1125986110,6.0,7.78125,Yes,24,Man,Bachelor's,21-25,0.1
p1134386634,5.571428571428571,3.875,Yes,25,Non-Binary,High School,21-25,0.09285714285714285
p1134450227,3.3452380952380953,5.0,Yes,26,Non-Binary,High School,26-30,0.05575396825396826
p1135073403,44.19126984126984,8.364583333333334,No,24,Woman,Bachelor's,21-25,0.7365211640211641
p1136678965,247.8626984126984,3.9114583333333335,Yes,22,Man,Bachelor's,21-25,4.131044973544973
p1142077546,16.5,5.5625,No,21,Man,High School,21-25,0.275
p1144516401,126.70416666666665,6.828125,Yes,33,Non-Binary,Bachelor's,31-35,2.111736111111111
p1149262672,104.53789682539683,4.984375,Yes,26,Woman,Bachelor's,26-30,1.7422982804232805
p1162329858,39.93769841269842,5.083333333333333,Yes,30,Non-Binary,Bachelor's,26-30,0.665628306878307
p1163522377,67.11845238095238,3.25,Yes,21,Woman,Bachelor's,21-25,1.118640873015873
p1173450251,39.339999999999996,4.725,Yes,25,Non-Binary,Bachelor's,21-25,0.6556666666666666
p1191784836,188.07420634920632,6.333333333333333,No,29,Man,Bachelor's,26-30,3.134570105820105
p1212627553,16.714285714285715,5.78125,No,28,Man,Bachelor's,26-30,0.2785714285714286
p1219663417,69.11815476190476,1.0234374999999998,Yes,25,Non-Binary,Bachelor's,21-25,1.151969246031746
p1239264311,171.69642857142858,4.7265625,Yes,32,Woman,Bachelor's,31-35,2.8616071428571432
p1247658768,15.35753968253968,5.979166666666667,Yes,22,Woman,Bachelor's,21-25,0.2559589947089947
p1268520194,102.24652649648343,5.75,Prefer not to say,26,Woman,High School,26-30,1.7041087749413903
p1273538313,64.66428571428573,5.71875,Yes,19,No answer,High School,18-20,1.0777380952380955
p1283331421,111.77809523809522,6.08125,Yes,30,Man,High School,26-30,1.8629682539682537
p1296259377,19.218055555555555,7.885416666666667,Yes,29,Woman,Master's/Doctorate,26-30,0.3203009259259259
p1316255262,111.40535714285713,5.4453125,Yes,28,Man,Bachelor's,26-30,1.856755952380952
p1346302686,159.7095238095238,0.625,Yes,26,Non-Binary,High School,26-30,2.661825396825397
p1375936108,18.095238095238095,4.510416666666667,Yes,35,Woman,High School,31-35,0.30158730158730157
p1389209824,0.0,7.09375,No,30,Woman,Bachelor's,26-30,0.0
p1392802159,466.8943376544603,7.375,Yes,25,Man,High School,21-25,7.781572294241005
p1396844918,81.29523809523809,4.84375,Yes,34,Non-Binary,Master's/Doctorate,31-35,1.3549206349206349
p1409085563,253.60952380952384,6.8125,Yes,29,Man,Bachelor's,26-30,4.226825396825397
p1413375196,11.89952380952381,5.23125,Yes,24,Woman,Master's/Doctorate,21-25,0.19832539682539682
p1433760505,0.0,4.5,Yes,30,Man,High School,26-30,0.0
p1443265700,50.50595238095237,5.75,Yes,30,Man,Bachelor's,26-30,0.8417658730158729
p1472158439,105.64666666666668,4.68125,Yes,19,Non-Binary,Bachelor's,18-20,1.760777777777778
p1476504913,191.42857142857144,7.0,Yes,24,Woman,High School,21-25,3.1904761904761907
p1498156500,60.85059523809525,7.03125,No,26,Woman,High School,26-30,1.0141765873015876
p1504929424,169.04325396825394,8.385416666666666,Yes,29,Man,Bachelor's,26-30,2.817387566137566
p1560415183,106.76833333333335,5.8125,No,23,Woman,Bachelor's,21-25,1.7794722222222223
p1560777372,21.308630952380952,4.21875,No,39,Man,Bachelor's,36-40,0.35514384920634917
p1582337810,211.2347619047619,8.08125,No,27,Woman,Bachelor's,26-30,3.520579365079365
p1600553423,372.6047619047619,6.25,Prefer not to say,33,Man,Bachelor's,31-35,6.210079365079365
p1621939314,113.75754371288271,2.09375,No,32,Man,Bachelor's,31-35,1.8959590618813784
p1636861051,125.23392857142858,7.78125,Yes,31,Man,Master's/Doctorate,31-35,2.0872321428571428
p1640182644,2.613888888888889,4.5625,No,28,Woman,Bachelor's,26-30,0.04356481481481481
p1653100603,32.522619047619045,6.78125,Yes,22,Man,Bachelor's,21-25,0.5420436507936508
p1654499819,141.9154761904762,8.34375,No,23,Man,Bachelor's,21-25,2.3652579365079367
p1661171546,495.1702380952381,2.3046875,Yes,26,Non-Binary,Bachelor's,26-30,8.252837301587302
p1667514597,19.200992063492063,4.078125,Yes,37,Woman,Bachelor's,36-40,0.3200165343915344
p1688470181,346.0714285714286,9.229166666666666,Yes,33,Man,High School,31-35,5.767857142857143
p1692692275,16.87827380952381,4.7421875,No,23,Woman,Bachelor's,21-25,0.2813045634920635
p1692819041,309.77083333333326,3.375,No,21,Man,High School,21-25,5.162847222222221
p1717712906,186.76626984126983,6.072916666666667,No,33,Woman,Bachelor's,31-35,3.1127711640211637
p1719996926,0.0,6.84375,No,19,Non-Binary,High School,18-20,0.0
p1721275969,78.33928571428571,5.21875,Yes,24,Woman,Bachelor's,21-25,1.3056547619047618
p1725826672,156.79107142857143,5.015625,Yes,30,Woman,High School,26-30,2.6131845238095237
p1734850057,268.8369047619048,2.8333333333333335,Yes,30,Man,Bachelor's,26-30,4.48061507936508
p1757435277,63.64642857142857,5.380208333333333,No,25,Woman,Bachelor's,21-25,1.0607738095238095
p1790316056,65.24126984126984,7.484375,No,29,Woman,Bachelor's,26-30,1.0873544973544973
p1791687298,92.93404761904762,3.1,Yes,28,Man,Bachelor's,26-30,1.5489007936507937
p1836422297,205.64107142857145,7.359375,Yes,30,Man,Bachelor's,26-30,3.4273511904761906
p1838709182,9.714285714285714,5.4375,Yes,20,Woman,Bachelor's,18-20,0.16190476190476188
p1854497720,265.6117063492064,6.442708333333333,Yes,27,Man,High School,26-30,4.426861772486773
p1862942205,86.65071428571429,6.9875,No,28,Woman,Bachelor's,26-30,1.4441785714285715
p1881915774,47.45928571428571,6.1,No,20,Man,Bachelor's,18-20,0.7909880952380952
p1894957246,3.125,4.0625,No,27,Woman,Bachelor's,26-30,0.052083333333333336
p1898236748,250.37738095238097,5.875,No,21,Man,Bachelor's,21-25,4.172956349206349
p1926501235,72.45079365079364,6.6875,No,27,Man,Bachelor's,26-30,1.2075132275132274
p1926691058,250.08214285714286,6.359375,Yes,24,Woman,Bachelor's,21-25,4.168035714285714
p1939787105,3.8442857142857134,8.25,Prefer not to say,34,Woman,Bachelor's,31-35,0.06407142857142856
p1944943254,202.80257936507937,5.307291666666667,Yes,24,Man,Bachelor's,21-25,3.3800429894179893
p1973236540,118.03571428571428,7.015625,Yes,24,Man,Bachelor's,21-25,1.9672619047619047
p1987059151,69.38988095238095,5.140625,Yes,33,Woman,Bachelor's,31-35,1.1564980158730158
p1995734966,149.23888888888888,7.640625,Yes,25,Man,Bachelor's,21-25,2.4873148148148148
p2013330215,34.15634920634921,6.354166666666667,No,29,Woman,Bachelor's,26-30,0.5692724867724869
p2022250521,108.04523809523808,5.0625,No,23,Man,Bachelor's,21-25,1.800753968253968
p2022532541,290.57486408877566,8.375,No,26,Woman,Bachelor's,26-30,4.842914401479594
p2024270973,30.857142857142858,6.21875,No,28,Man,Bachelor's,26-30,0.5142857142857143
p2025046139,125.59523809523809,6.15625,Yes,28,Man,Bachelor's,26-30,2.093253968253968
p2031928937,40.595238095238095,5.63125,Yes,27,Man,High School,26-30,0.6765873015873016
p2032881400,406.8626897834172,9.04375,No,30,Man,Bachelor's,26-30,6.78104482972362
p2042648991,35.832857142857144,6.68125,No,22,Man,Bachelor's,21-25,0.5972142857142857
p2048391963,56.57321428571429,6.791666666666667,No,24,Woman,Bachelor's,21-25,0.9428869047619048
p2056866216,21.247619047619047,7.3125,Yes,23,Man,Bachelor's,21-25,0.3541269841269841
p2069236528,142.90158730158728,2.8697916666666665,No,32,Man,Bachelor's,31-35,2.381693121693121
p2077492780,38.37857142857143,6.375,No,25,Man,Bachelor's,21-25,0.6396428571428572
p2111530996,89.10238095238095,4.75,Yes,23,Non-Binary,Bachelor's,21-25,1.4850396825396825
p2112466313,156.29999999999998,6.1875,Yes,21,Man,Bachelor's,21-25,2.6049999999999995
p2118382537,271.14345238095234,3.90625,No,24,Man,Bachelor's,21-25,4.519057539682539
p2120915291,19.298809523809524,8.5625,Yes,23,Woman,Master's/Doctorate,21-25,0.3216468253968254
p2132233274,165.6834284295901,5.494791666666667,Yes,29,Man,Bachelor's,26-30,2.7613904738265016
p2132688204,18.132142857142856,4.4921875,Yes,39,Man,Bachelor's,36-40,0.30220238095238094
p2138417616,24.98988095238095,5.9296875,Yes,27,Man,Bachelor's,26-30,0.4164980158730158
p2145861794,0.0,7.03125,No,29,Man,Bachelor's,26-30,0.0
p2149492218,72.33762519434501,6.203125,Yes,30,Non-Binary,Bachelor's,26-30,1.2056270865724168
p2165049626,198.1714663338445,4.921875,Yes,24,Man,Bachelor's,21-25,3.302857772230742
p2173057907,253.09246031746034,3.234375,No,36,Man,High School,36-40,4.218207671957672
p2195634662,258.56040883250404,6.255208333333333,No,26,Woman,High School,26-30,4.309340147208401
p2215540419,102.0486111111111,6.171875,No,24,Woman,Bachelor's,21-25,1.700810185185185
p2217785052,131.45476190476188,5.53125,Yes,33,Woman,Bachelor's,31-35,2.190912698412698
p2237074492,0.0,6.28125,Yes,20,Man,High School,18-20,0.0
p2264368552,18.59404761904762,5.484375,No,26,Man,Bachelor's,26-30,0.30990079365079365
p2270898885,13.704999999999998,5.56875,Yes,23,Man,Bachelor's,21-25,0.22841666666666663
p2282383798,35.29452380952381,6.025,Yes,27,Woman,Bachelor's,26-30,0.5882420634920635
p2295586404,11.23313492063492,5.385416666666667,Yes,29,Woman,Bachelor's,26-30,0.18721891534391533
p2298826912,269.8363348347014,2.8020833333333335,Prefer not to say,32,Man,Bachelor's,31-35,4.497272247245023
p2309415750,129.17928571428573,6.4375,Yes,22,Man,Bachelor's,21-25,2.1529880952380953
p2366780531,144.77900723182356,5.416666666666667,Yes,38,Man,Bachelor's,36-40,2.412983453863726
p2456626480,208.12460317460318,4.28125,Yes,31,Non-Binary,Bachelor's,31-35,3.4687433862433865
p2481441165,179.61595238095236,6.96875,No,24,Woman,Bachelor's,21-25,2.9935992063492063
p2524071066,49.349603174603175,5.203125,Yes,35,Man,Bachelor's,31-35,0.8224933862433862
p2525577738,6.142857142857142,8.802083333333334,Yes,31,Woman,Master's/Doctorate,31-35,0.10238095238095238
p2533547122,2.9121031746031747,5.5625,Yes,31,Man,Master's/Doctorate,31-35,0.04853505291005291
p2536626989,22.4718253968254,1.7604166666666667,No,27,Woman,High School,26-30,0.3745304232804233
p2543217512,0.9904761904761905,5.703125,No,28,Woman,High School,26-30,0.01650793650793651
p2549595966,31.011904761904763,3.5833333333333335,Prefer not to say,30,Woman,Bachelor's,26-30,0.5168650793650794
p2556234434,53.788690476190474,4.5625,Yes,24,Woman,Bachelor's,21-25,0.8964781746031746
p2564129937,127.7770625857294,8.20625,Yes,28,Man,High School,26-30,2.1296177097621567
p2589337446,25.094246031746035,5.34375,Yes,23,Woman,Bachelor's,21-25,0.4182374338624339
p2590095638,32.25515873015873,5.541666666666667,No,30,Man,Master's/Doctorate,26-30,0.5375859788359789
p2604067235,93.28075396825398,6.057291666666667,Yes,19,Non-Binary,Bachelor's,18-20,1.554679232804233
p2609650932,301.280586489974,4.020833333333333,Yes,24,Man,High School,21-25,5.021343108166233
p2625570381,83.13214285714285,9.5625,No,40,Man,Bachelor's,36-40,1.3855357142857143
p2633585059,32.50000000000001,3.2604166666666665,Yes,27,Man,Bachelor's,26-30,0.5416666666666667
p2683054892,104.86666666666667,4.484375,Yes,26,Man,Bachelor's,26-30,1.7477777777777779
p2689216272,46.99434523809524,6.4453125,Yes,22,Man,High School,21-25,0.7832390873015874
p2717581541,0.0,2.4,Yes,22,Woman,Bachelor's,21-25,0.0
p2772485692,145.66947424892703,6.453125,Yes,28,Man,Bachelor's,26-30,2.4278245708154507
p2776366513,141.5688492063492,7.825,No,24,Man,Bachelor's,21-25,2.35948082010582
p2776990162,1.9428571428571426,7.51875,Yes,25,Man,Bachelor's,21-25,0.03238095238095238
p2783109720,46.50138888888889,5.994791666666667,Yes,21,Non-Binary,Bachelor's,21-25,0.7750231481481482
p2788562739,3.188095238095238,8.822916666666666,Yes,19,Woman,High School,18-20,0.05313492063492063
p2810134451,121.09880952380952,6.375,Yes,27,Man,Bachelor's,26-30,2.018313492063492
p2815263638,15.089285714285714,7.25,Yes,22,Man,High School,21-25,0.25148809523809523
p2817480106,114.53730387542167,5.583333333333333,Yes,26,Woman,High School,26-30,1.9089550645903612
p2842853690,80.6375,4.375,No,29,Woman,Master's/Doctorate,26-30,1.3439583333333334
p2850239450,139.29691590882166,3.95625,Yes,34,Woman,High School,31-35,2.321615265147028
p2875695485,252.60415413533832,3.90625,No,24,Woman,Bachelor's,21-25,4.210069235588972
p2884476006,77.21904761904761,3.71875,Prefer not to say,28,Man,High School,26-30,1.286984126984127
p2898971691,352.8823032081727,6.067708333333333,No,35,Man,Bachelor's,31-35,5.881371720136212
p2904742120,117.63392857142857,6.171875,Yes,24,Man,Bachelor's,21-25,1.960565476190476
p2938714950,1.0916666666666666,5.78125,No,29,Man,Bachelor's,26-30,0.018194444444444444
p2941412797,49.825297619047625,4.234375,Yes,21,Woman,Bachelor's,21-25,0.830421626984127
p2948949069,40.03214285714286,4.302083333333333,Yes,29,Man,High School,26-30,0.6672023809523809
p2949618798,212.7916666666667,5.46875,Yes,30,Man,Bachelor's,26-30,3.5465277777777784
p2954928545,1.4285714285714286,1.317708333333333,Yes,29,Woman,High School,26-30,0.02380952380952381
p2976149294,39.91190476190476,6.28125,Yes,36,Woman,Bachelor's,36-40,0.6651984126984126
p2997707499,13.99345238095238,2.28125,No,23,Woman,High School,21-25,0.23322420634920635
p3002079386,135.5611214268679,4.6875,No,29,Man,Bachelor's,26-30,2.259352023781132
p3017881332,30.928571428571427,4.03125,Yes,26,Woman,Bachelor's,26-30,0.5154761904761904
p3020587590,6.6897619047619035,8.6796875,Yes,35,Man,High School,31-35,0.11149603174603172
p3046192951,95.20309523809524,4.40625,Yes,35,Woman,Master's/Doctorate,31-35,1.586718253968254
p3052848243,57.35357142857143,7.359375,No,26,Non-Binary,Bachelor's,26-30,0.9558928571428571
p3053707692,198.77547619047618,3.40625,No,32,Man,High School,31-35,3.312924603174603
p3062320860,236.88332094286505,3.65625,Yes,29,Man,High School,26-30,3.948055349047751
p3063710041,0.0,5.6875,No,23,Woman,High School,21-25,0.0
p3083763954,402.62614611061815,6.84375,Yes,25,Man,Bachelor's,21-25,6.710435768510303
p3085034852,12.723511904761907,7.1328125,Yes,22,Woman,Bachelor's,21-25,0.2120585317460318
p3088149911,183.43379712996722,8.75,Yes,19,Man,High School,18-20,3.05722995216612
p3112603019,119.12896825396825,7.505208333333333,Yes,28,Woman,Bachelor's,26-30,1.9854828042328043
p3115157128,14.855952380952381,5.59375,No,30,Man,Bachelor's,26-30,0.24759920634920635
p3121045383,0.0,5.375,No,23,Woman,Bachelor's,21-25,0.0
p3137882445,276.71436221100186,7.66875,Yes,28,Man,Bachelor's,26-30,4.611906036850031
p3143953162,13.113888888888889,6.791666666666667,No,22,Woman,Bachelor's,21-25,0.21856481481481482
p3166539342,32.02119047619048,5.175,Yes,30,Woman,High School,26-30,0.5336865079365081
p3170831780,27.070634920634916,4.901041666666667,Yes,22,Man,Bachelor's,21-25,0.4511772486772486
p3170953165,94.51964285714287,8.088541666666666,No,33,Man,Master's/Doctorate,31-35,1.5753273809523811
p3187764612,22.714285714285715,3.359375,No,27,Man,Bachelor's,26-30,0.3785714285714286
p3196637206,108.47440476190475,6.5625,No,27,Woman,Master's/Doctorate,26-30,1.807906746031746
p3207576973,17.609226190476193,4.5390625,Yes,26,Man,High School,26-30,0.2934871031746032
p3218100873,165.34761904761905,5.270833333333333,Yes,21,Woman,Bachelor's,21-25,2.7557936507936507
p3299058612,223.25337301587305,4.130208333333333,Yes,26,Man,High School,26-30,3.720889550264551
p3309786834,31.71071428571429,3.6197916666666665,Prefer not to say,22,Man,High School,21-25,0.5285119047619048
p3316508882,38.32142857142858,6.234375,No,27,Man,Bachelor's,26-30,0.6386904761904763
p3322723378,5.285714285714286,5.625,Prefer not to say,28,Man,Bachelor's,26-30,0.08809523809523809
p3335165884,84.1047619047619,4.96875,Yes,28,Non-Binary,Bachelor's,26-30,1.4017460317460317
p3363415533,37.663492063492065,6.057291666666667,Yes,22,Non-Binary,Master's/Doctorate,21-25,0.6277248677248678
p3364711032,99.23500421076868,9.671875,Yes,33,Man,Bachelor's,31-35,1.6539167368461447
p3365212232,431.90515873015875,4.322916666666667,Yes,28,Man,Bachelor's,26-30,7.198419312169312
p3371109882,179.45083483530547,7.11875,Yes,34,Man,Bachelor's,31-35,2.990847247255091
p3380815595,52.89166666666667,5.3875,No,21,Man,Bachelor's,21-25,0.8815277777777779
p3422914794,176.0767857142857,8.078125,No,23,Man,Bachelor's,21-25,2.934613095238095
p3478999026,326.2857142857143,6.161458333333333,Yes,18,Man,High School,18-20,5.438095238095238
p3486199196,183.0692674690057,2.9583333333333335,Yes,28,Woman,Bachelor's,26-30,3.0511544578167618
p3494035900,154.89940476190478,6.15625,Yes,35,Man,Bachelor's,31-35,2.5816567460317463
p3506525862,71.17238095238096,6.50625,No,25,Woman,Bachelor's,21-25,1.1862063492063493
p3531930398,57.92857142857143,6.53125,Yes,25,Man,High School,21-25,0.9654761904761905
p3553819992,187.05357142857147,3.78125,Yes,23,Man,Bachelor's,21-25,3.1175595238095246
p3581866096,26.11984126984127,4.005208333333333,No,22,Woman,Bachelor's,21-25,0.43533068783068785
p3610327697,105.02976190476193,7.0,No,28,Man,Bachelor's,26-30,1.750496031746032
p3634296970,153.52301587301588,5.65625,Yes,27,Man,Bachelor's,26-30,2.558716931216931
p3664713131,104.82053571428571,5.375,No,25,Man,Bachelor's,21-25,1.7470089285714285
p3673859767,54.087698412698415,5.177083333333333,No,26,Man,Bachelor's,26-30,0.9014616402116402
p3694176692,27.204047619047618,7.225,Yes,26,Woman,Bachelor's,26-30,0.4534007936507936
p3697214738,4.797222222222222,3.9895833333333335,Yes,22,Non-Binary,Bachelor's,21-25,0.0799537037037037
p3735375437,117.85714285714286,7.06875,No,26,Man,Master's/Doctorate,26-30,1.9642857142857144
p3789370234,288.51964285714286,3.890625,Yes,29,Man,Less than High School,26-30,4.808660714285714
p3793568421,9.611706349206349,5.09375,No,30,Woman,Bachelor's,26-30,0.16019510582010582
p3798033981,345.760119047619,4.328125,No,27,Woman,Bachelor's,26-30,5.762668650793651
p3828116688,0.0,6.0625,Yes,29,Woman,High School,26-30,0.0
p3845455296,38.04047619047619,5.885416666666667,No,29,Woman,Bachelor's,26-30,0.6340079365079365
p3879993823,198.7866666666667,6.33125,No,29,Man,Bachelor's,26-30,3.3131111111111116
p3881160338,0.1726190476190476,7.0625,Yes,27,Non-Binary,Bachelor's,26-30,0.0028769841269841263
p3894983999,124.05714285714286,2.78125,No,21,Man,Bachelor's,21-25,2.067619047619048
p3915729511,5.2329365079365076,6.135416666666667,No,31,Woman,Bachelor's,31-35,0.08721560846560845
p3945733192,18.758333333333333,5.15625,Yes,31,No answer,Bachelor's,31-35,0.31263888888888886
p3948170371,169.7238095238095,4.6875,Yes,26,Man,Bachelor's,26-30,2.8287301587301585
p3951716764,0.0,7.25,No,23,Man,Bachelor's,21-25,0.0
p3954723862,23.53015873015873,5.322916666666667,Yes,35,Man,Bachelor's,31-35,0.3921693121693121
p3957821386,351.9309523809524,4.375,No,33,Woman,High School,31-35,5.865515873015874
p3967221026,41.15218253968254,7.260416666666667,No,34,Man,High School,31-35,0.685869708994709
p3972912364,208.55912698412695,7.052083333333333,No,29,Woman,Bachelor's,26-30,3.475985449735449
p3987358266,0.0,6.25,Yes,22,Man,Bachelor's,21-25,0.0
p3987846862,119.70476190476192,6.703125,No,27,Man,Bachelor's,26-30,1.9950793650793655
p3993104756,0.0,4.4765625,Yes,27,Woman,Bachelor's,26-30,0.0
p4011174450,258.5988095238095,2.5833333333333335,Yes,22,Man,Bachelor's,21-25,4.309980158730158
p4011225343,117.5374030137139,5.130208333333333,No,24,Man,Bachelor's,21-25,1.9589567168952315
p4084051463,77.40416666666667,6.9375,Yes,26,Man,Bachelor's,26-30,1.2900694444444445
p4102826850,8.777579365079365,6.005208333333333,No,23,Woman,Bachelor's,21-25,0.14629298941798943
p4132464485,52.85714285714285,3.4375,No,39,Man,Master's/Doctorate,36-40,0.8809523809523808
p4138151166,29.04523809523809,4.59375,No,30,Man,Bachelor's,26-30,0.4840873015873015
p4154827182,64.88095238095238,6.072916666666667,No,39,Woman,Bachelor's,36-40,1.0813492063492063
p4158549118,33.04761904761905,2.125,No,27,Non-Binary,High School,26-30,0.5507936507936508
p4171220647,50.07142857142857,6.84375,Yes,22,Woman,Master's/Doctorate,21-25,0.8345238095238094
p4193879968,55.03055555555556,9.8125,Yes,23,Man,Bachelor's,21-25,0.917175925925926
p4226556549,135.14007936507934,7.135416666666667,Yes,24,Woman,Bachelor's,21-25,2.2523346560846558
p4264024008,114.04214285714286,8.14375,Yes,20,Man,High School,18-20,1.900702380952381
p4299557576,151.05694444444444,6.619791666666667,No,22,Woman,Bachelor's,21-25,2.5176157407407405
p4354593087,91.11865079365079,4.609375,Yes,26,Woman,Bachelor's,26-30,1.5186441798941799
p4363095616,233.26984126984124,6.036458333333333,Yes,30,Man,Bachelor's,26-30,3.887830687830687
p4399848740,32.31111111111111,6.734375,Prefer not to say,32,Woman,Bachelor's,31-35,0.5385185185185185
p4400474498,59.25654761904762,6.53125,Yes,25,Woman,Bachelor's,21-25,0.9876091269841271
p4409491116,35.22956349206349,3.40625,Yes,31,Man,Bachelor's,31-35,0.5871593915343916
p4422296145,121.59120503637257,8.953125,No,35,Man,Master's/Doctorate,31-35,2.026520083939543
p4432931272,166.35117650649084,9.03125,Yes,27,Non-Binary,High School,26-30,2.772519608441514
p4465245095,1.1511904761904763,6.192708333333333,Yes,27,Man,High School,26-30,0.01918650793650794
p4487016629,7.757142857142857,6.925,Yes,28,Woman,Bachelor's,26-30,0.12928571428571428
p4503908702,144.4300370939081,3.8958333333333335,No,25,Woman,High School,21-25,2.4071672848984687
p4519809751,19.577142857142857,4.65625,Yes,25,Woman,Bachelor's,21-25,0.3262857142857143
p4535961632,92.7126984126984,6.145833333333333,Yes,30,Woman,Bachelor's,26-30,1.54521164021164
p4543722386,37.452380952380956,5.84375,No,25,Man,Bachelor's,21-25,0.6242063492063493
p4550946086,441.07142857142856,2.40625,Yes,33,Non-Binary,Bachelor's,31-35,7.351190476190476
p4574228046,77.53809523809524,5.3125,Yes,20,Man,Bachelor's,18-20,1.2923015873015873
p4581424999,332.44041584375685,9.3125,Yes,27,Non-Binary,Bachelor's,26-30,5.540673597395948
p4586930592,147.71666666666667,6.59375,Yes,25,Man,High School,21-25,2.4619444444444443
p4588396599,0.0,6.59375,Yes,22,Man,Bachelor's,21-25,0.0
p4595978514,92.90992063492062,6.885416666666667,Yes,35,Man,Master's/Doctorate,31-35,1.548498677248677
p4619282793,0.0,6.09375,Yes,27,Woman,Bachelor's,26-30,0.0
p4620904140,300.9156746031746,8.5625,Yes,35,Non-Binary,Bachelor's,31-35,5.015261243386243
p4649786536,0.7857142857142857,2.78125,Yes,27,Non-Binary,Bachelor's,26-30,0.013095238095238096
p4651139117,512.7404761904761,7.25,Yes,26,Man,Bachelor's,26-30,8.545674603174602
p4657161498,0.0,6.53125,Yes,23,Woman,Bachelor's,21-25,0.0
p4657320959,136.88690476190476,4.9375,Yes,29,Woman,High School,26-30,2.2814484126984125
p4691542011,83.86309523809523,4.78125,Yes,24,Man,Bachelor's,21-25,1.3977182539682538
p4707651363,95.74880952380953,7.09375,No,25,Non-Binary,Master's/Doctorate,21-25,1.595813492063492
p4714301672,3.2142857142857144,4.75,No,20,Non-Binary,Bachelor's,18-20,0.053571428571428575
p4720170148,136.34325396825395,7.0,Yes,27,Man,Master's/Doctorate,26-30,2.272387566137566
p4725530113,163.136802739554,5.635416666666667,Yes,26,Man,Bachelor's,26-30,2.7189467123259004
p4727194755,251.17952380952383,9.7265625,No,23,Man,Bachelor's,21-25,4.1863253968253975
p4734467829,241.02202380952377,8.078125,No,20,Man,Bachelor's,18-20,4.0170337301587296
p4754148189,0.0,8.203125,Yes,30,Man,Bachelor's,26-30,0.0
p4802874298,30.589285714285715,2.71875,Yes,24,Woman,Bachelor's,21-25,0.5098214285714285
p4831892106,8.214285714285714,3.9375,Yes,22,Woman,Bachelor's,21-25,0.1369047619047619
p4860515643,351.04073217474246,6.041666666666667,Yes,30,Man,Bachelor's,26-30,5.850678869579041
p4897688141,253.03874631091966,4.807291666666667,Yes,23,Non-Binary,Bachelor's,21-25,4.217312438515328
p4921803471,64.30674603174603,3.296875,No,28,Non-Binary,Bachelor's,26-30,1.0717791005291004
p4921898619,338.2142857142857,5.0625,Yes,30,Man,Less than High School,26-30,5.636904761904762
p4926746261,63.78857142857144,4.5125,No,23,Man,Bachelor's,21-25,1.0631428571428574
p4933852719,78.88095238095238,9.71875,Yes,28,Man,Bachelor's,26-30,1.3146825396825397
p4959535956,120.36761904761904,7.1,Yes,22,Woman,Bachelor's,21-25,2.006126984126984
p4959696048,74.91950908132027,2.8333333333333335,Yes,21,Non-Binary,Less than High School,21-25,1.2486584846886712
p4993378179,8.5,7.25,Yes,21,Woman,High School,21-25,0.14166666666666666
p5000025877,0.0,7.125,No,24,Man,Bachelor's,21-25,0.0
p5000083855,48.65119047619047,6.427083333333333,No,25,Woman,Bachelor's,21-25,0.8108531746031745
p5002553725,246.38261904761907,6.4125,Yes,25,Man,High School,21-25,4.106376984126984
p5003867387,56.97334743478222,2.6875000000000004,No,24,Man,High School,21-25,0.9495557905797036
p5014720556,153.77023809523808,3.53125,Yes,26,Woman,High School,26-30,2.5628373015873014
p5038031584,56.12956349206349,6.510416666666667,Yes,23,Woman,Bachelor's,21-25,0.9354927248677248
p5040750674,56.98452380952381,7.875,Yes,31,Non-Binary,Bachelor's,31-35,0.9497420634920635
p5044495729,280.42938712522044,7.208333333333333,Yes,35,Woman,Bachelor's,31-35,4.673823118753674
p5099530561,149.25793650793653,4.427083333333333,No,29,Man,High School,26-30,2.4876322751322757
p5113583771,65.1922619047619,8.734375,No,24,Man,High School,21-25,1.0865376984126984
p5114584499,532.2174842443504,6.51875,No,27,Man,Bachelor's,26-30,8.870291404072507
p5165686478,257.5507614499367,4.916666666666667,Yes,27,Man,No answer,26-30,4.292512690832279
p5172119609,40.986309523809524,5.239583333333333,No,23,Man,Bachelor's,21-25,0.6831051587301588
p5220034880,61.518253968253966,8.171875,Yes,19,Man,High School,18-20,1.0253042328042328
p5234198325,222.44821428571424,1.9843750000000004,Yes,23,Man,Bachelor's,21-25,3.7074702380952376
p5255370633,371.8415673082133,6.175,Yes,30,Man,Bachelor's,26-30,6.197359455136889
p5257323474,2.1904761904761902,7.875,Yes,29,Woman,Bachelor's,26-30,0.0365079365079365
p5271179686,163.9604761904762,7.58125,Yes,25,Non-Binary,Bachelor's,21-25,2.732674603174603
p5271482122,33.291071428571435,5.8125,No,24,Man,High School,21-25,0.5548511904761906
p5278833864,187.57902130003671,3.7916666666666665,No,29,Woman,Master's/Doctorate,26-30,3.1263170216672784
p5286718199,0.19404761904761905,4.479166666666667,Yes,23,Woman,Bachelor's,21-25,0.0032341269841269843
p5288908247,0.0,7.125,Yes,30,Man,Bachelor's,26-30,0.0
p5293423009,38.884523809523806,4.28125,No,24,Man,Master's/Doctorate,21-25,0.6480753968253967
p5300639519,2.2095238095238092,4.4609375,No,26,Woman,Master's/Doctorate,26-30,0.036825396825396824
p5305531636,342.25099206349205,6.927083333333333,Yes,30,Woman,High School,26-30,5.704183201058201
p5333605155,170.52120746422878,7.421875,No,24,Woman,Bachelor's,21-25,2.842020124403813
p5350672122,53.80873015873016,8.322916666666666,Yes,24,Man,Bachelor's,21-25,0.8968121693121692
p5352710779,290.1103174603175,6.260416666666667,No,37,Man,High School,36-40,4.8351719576719585
p5373202826,145.4611904761905,4.35625,No,39,Man,High School,36-40,2.424353174603175
p5400327266,313.08500126358354,5.90625,No,23,Man,Bachelor's,21-25,5.218083354393059
p5422463642,32.857142857142854,7.71875,Yes,20,Man,Bachelor's,18-20,0.5476190476190476
p5452454909,6.420238095238095,7.130208333333333,No,24,Woman,Bachelor's,21-25,0.10700396825396825
p5462766127,65.26130952380953,7.59375,Yes,22,Man,Bachelor's,21-25,1.0876884920634922
p5485877264,66.03095238095237,4.755208333333333,Yes,21,Man,High School,21-25,1.1005158730158728
p5497252219,82.02380952380952,4.989583333333333,Yes,21,Woman,Bachelor's,21-25,1.3670634920634919
p5498131780,22.000230868936843,7.697916666666667,Prefer not to say,37,Man,Bachelor's,36-40,0.3666705144822807
p5512447501,144.99642857142857,6.3125,Yes,25,Non-Binary,Master's/Doctorate,21-25,2.416607142857143
p5514661469,59.94761904761906,5.5625,Yes,24,Man,Bachelor's,21-25,0.9991269841269843
p5516746533,15.22142857142857,5.130208333333333,Yes,31,Man,Bachelor's,31-35,0.2536904761904762
p5563846465,291.9626984126984,5.640625,No,23,Man,Bachelor's,21-25,4.866044973544973
p5587010891,2.714285714285714,2.5,Prefer not to say,23,Woman,Bachelor's,21-25,0.04523809523809523
p5621855071,8.420238095238096,2.234375,No,30,Man,Bachelor's,26-30,0.1403373015873016
p5637347267,193.16071428571428,4.375,Yes,28,Woman,Bachelor's,26-30,3.219345238095238
p5643361882,57.68968253968254,8.875,No,36,Woman,Bachelor's,36-40,0.961494708994709
p5659102463,189.7633493551159,6.86875,Yes,25,Non-Binary,Master's/Doctorate,21-25,3.162722489251932
p5696929950,348.9033031746305,6.109375,No,27,Non-Binary,Bachelor's,26-30,5.815055052910508
p5711713136,7.788095238095238,6.140625,Yes,35,Woman,Bachelor's,31-35,0.1298015873015873
p5717008625,101.28261904761905,7.81875,Yes,22,Man,Bachelor's,21-25,1.688043650793651
p5726517000,0.0,6.53125,Yes,28,Man,Bachelor's,26-30,0.0
p5765206467,107.81384473842836,5.09375,Yes,22,Non-Binary,Bachelor's,21-25,1.7968974123071393
p5766323756,0.0,6.175,Yes,20,Woman,Bachelor's,18-20,0.0
p5778434887,220.2860016866317,4.05625,Yes,25,Non-Binary,Bachelor's,21-25,3.6714333614438615
p5820438976,361.917261904762,2.640625,No,27,Non-Binary,High School,26-30,6.0319543650793666
p5823991388,173.26626984126983,5.354166666666667,Yes,30,Woman,Bachelor's,26-30,2.887771164021164
p5852306525,198.81547619047618,5.229166666666667,No,21,Woman,Bachelor's,21-25,3.3135912698412695
p5868319460,19.38888888888889,2.9166666666666665,Yes,19,Man,High School,18-20,0.32314814814814813
p5879992664,275.21878022768743,1.2312499999999997,No,19,Man,High School,18-20,4.586979670461457
p5881006080,39.81547619047619,6.33125,No,38,Man,Bachelor's,36-40,0.6635912698412698
p5911144246,0.0,7.09375,Yes,22,Man,Bachelor's,21-25,0.0
p5921445569,244.33373015873016,5.270833333333333,Yes,25,Woman,High School,21-25,4.072228835978836
p5933703990,43.8752380952381,4.08125,Yes,23,Woman,Bachelor's,21-25,0.7312539682539684
p5940636471,73.16666666666667,8.760416666666666,Yes,23,Woman,Bachelor's,21-25,1.2194444444444446
p5986409445,479.33402597684216,2.825,Yes,31,Woman,Bachelor's,31-35,7.98890043294737
p5997373871,38.52190476190476,9.00625,Yes,25,Man,High School,21-25,0.642031746031746
p5999401489,92.60357142857144,6.161458333333333,Yes,19,Man,Bachelor's,18-20,1.5433928571428575
p6032129368,42.333333333333336,6.90625,No,31,Man,Bachelor's,31-35,0.7055555555555556
p6037703683,80.73214285714286,5.375,Yes,22,Man,Bachelor's,21-25,1.3455357142857143
p6038760891,0.20853174603174604,5.3625,Yes,29,Woman,Master's/Doctorate,26-30,0.003475529100529101
p6062045552,60.82142857142856,5.338541666666667,No,24,Non-Binary,Bachelor's,21-25,1.0136904761904761
p6067329665,173.43670634920636,6.84375,Yes,25,Man,Bachelor's,21-25,2.8906117724867726
p6068183458,26.20793650793651,5.890625,No,23,Woman,Bachelor's,21-25,0.4367989417989418
p6076130850,2.738492063492064,6.25,Yes,25,Woman,Bachelor's,21-25,0.0456415343915344
p6077585925,8.287698412698413,2.270833333333334,No,22,Woman,High School,21-25,0.13812830687830688
p6079427888,136.9390476190476,4.04375,Yes,26,Man,Bachelor's,26-30,2.28231746031746
p6082757069,42.261904761904766,2.4895833333333335,Yes,27,Woman,Less than High School,26-30,0.7043650793650794
p6096577044,112.68714285714285,0.44374999999999964,No,28,Man,Bachelor's,26-30,1.8781190476190475
p6126547123,10.033333333333331,4.65625,Yes,26,Man,High School,26-30,0.1672222222222222
p6128213504,17.498809523809523,7.890625,No,22,Woman,Bachelor's,21-25,0.2916468253968254
p6172832039,85.83679200755192,8.427083333333334,Yes,29,Non-Binary,High School,26-30,1.4306132001258653
p6173984056,0.6934523809523809,5.0234375,No,24,Woman,Bachelor's,21-25,0.011557539682539681
p6193693340,122.00773809523811,2.9296875,No,27,Man,Bachelor's,26-30,2.033462301587302
p6200802068,0.0,1.6375,Yes,31,Woman,Less than High School,31-35,0.0
p6205755281,123.52547619047618,3.54375,No,26,Man,Master's/Doctorate,26-30,2.0587579365079365
p6215210673,335.5513888888889,1.5052083333333337,Yes,22,Woman,High School,21-25,5.592523148148148
p6222905901,80.09904761904762,5.34375,Yes,20,Non-Binary,Bachelor's,18-20,1.3349841269841272
p6224082046,43.83869047619047,9.046875,Prefer not to say,38,Woman,High School,36-40,0.7306448412698412
p6228988971,55.277976190476195,4.15625,No,25,Woman,Bachelor's,21-25,0.9212996031746032
p6239467065,131.2902777777778,8.645833333333334,Yes,25,Man,Bachelor's,21-25,2.1881712962962965
p6244222116,381.5519841269841,6.005208333333333,No,25,Man,Bachelor's,21-25,6.359199735449735
p6246823283,56.9875,5.3125,No,26,Man,Bachelor's,26-30,0.9497916666666666
p6275971020,51.448095238095235,7.7125,No,22,Man,No answer,21-25,0.8574682539682539
p6283065479,19.571428571428573,5.8125,No,25,Man,Bachelor's,21-25,0.3261904761904762
p6300293176,300.1306492044573,7.46875,No,27,Man,Bachelor's,26-30,5.002177486740956
p6300810396,124.09126984126983,2.7760416666666665,No,29,Man,High School,26-30,2.0681878306878305
p6315372102,43.621428571428574,7.515625,Yes,20,Woman,Bachelor's,18-20,0.7270238095238095
p6347674966,11.571428571428571,7.3125,Yes,22,Woman,Bachelor's,21-25,0.19285714285714287
p6369754016,0.0,8.28125,Yes,23,Man,High School,21-25,0.0
p6372734489,32.68888888888889,4.098958333333333,Yes,27,Non-Binary,Bachelor's,26-30,0.5448148148148149
p6414165901,33.84742063492064,3.2864583333333335,Yes,29,Man,Bachelor's,26-30,0.5641236772486773
p6433389986,87.55452380952381,7.69375,No,28,Man,High School,26-30,1.4592420634920635
p6439394069,13.1875,5.0625,Yes,29,Non-Binary,Bachelor's,26-30,0.21979166666666666
p6450533573,24.56190476190476,7.807291666666667,Yes,35,Woman,Master's/Doctorate,31-35,0.4093650793650793
p6461925845,287.5660940407866,6.125,No,39,Woman,Master's/Doctorate,36-40,4.79276823401311
p6481900653,7.52857142857143,2.078125,Yes,23,Non-Binary,High School,21-25,0.1254761904761905
p6483338269,125.48531746031746,4.177083333333333,Prefer not to say,24,Non-Binary,Bachelor's,21-25,2.0914219576719577
p6486044314,201.2890873015873,2.9427083333333335,Yes,37,Woman,Bachelor's,36-40,3.3548181216931217
p6491339573,9.071428571428571,4.46875,Yes,20,Non-Binary,Bachelor's,18-20,0.15119047619047618
p6506353425,4.635714285714286,4.536458333333333,Yes,26,Non-Binary,Bachelor's,26-30,0.07726190476190477
p6513172662,11.933134920634922,5.36875,Yes,24,Man,Bachelor's,21-25,0.19888558201058204
p6519398551,25.97547619047619,7.20625,No,27,Woman,Bachelor's,26-30,0.4329246031746032
p6524091336,56.5902380952381,4.6,Yes,20,Non-Binary,High School,18-20,0.943170634920635
p6551339013,87.7252380952381,5.0625,No,29,Non-Binary,Bachelor's,26-30,1.4620873015873017
p6572395980,236.90595238095239,7.6640625,No,26,Man,Bachelor's,26-30,3.94843253968254
p6580395415,0.5833333333333334,3.6666666666666665,Yes,38,Woman,Bachelor's,36-40,0.009722222222222222
p6591006384,138.62916666666666,5.453125,No,25,Man,Master's/Doctorate,21-25,2.310486111111111
p6600248591,29.417857142857144,7.3125,Yes,29,Non-Binary,Bachelor's,26-30,0.4902976190476191
p6611005302,28.522420634920636,3.71875,Yes,26,Woman,Bachelor's,26-30,0.47537367724867724
p6628697018,64.06402444511941,2.072916666666667,Yes,39,Man,High School,36-40,1.0677337407519902
p6633417390,4.38611111111111,7.4375,Yes,20,Man,High School,18-20,0.07310185185185183
p6671001588,124.12500000000001,5.4765625,Yes,29,Woman,Bachelor's,26-30,2.06875
p6682089052,93.2420634920635,6.708333333333333,No,20,Man,Bachelor's,18-20,1.5540343915343915
p6695708222,21.692857142857143,7.0,Yes,25,Man,Bachelor's,21-25,0.36154761904761906
p6699222261,166.06595238095238,2.025,Yes,28,Non-Binary,Bachelor's,26-30,2.767765873015873
p6701747140,60.711321347319334,4.703125,No,25,Woman,Bachelor's,21-25,1.0118553557886556
p6722756609,167.17880952380952,1.5312499999999996,Yes,24,Woman,High School,21-25,2.786313492063492
p6742428877,187.04107142857143,8.171875,No,21,Man,Less than High School,21-25,3.1173511904761906
p6762330666,101.2422619047619,7.3125,Prefer not to say,30,Man,High School,26-30,1.6873710317460318
p6764387870,13.214285714285714,0.0,Yes,22,Non-Binary,Bachelor's,21-25,0.22023809523809523
p6781341066,19.118650793650797,7.8125,No,22,Man,Bachelor's,21-25,0.31864417989418
p6782525288,19.37380952380952,5.28125,Yes,24,Man,High School,21-25,0.32289682539682535
p6783279400,16.75972222222222,1.1822916666666663,Yes,29,Man,High School,26-30,0.27932870370370366
p6802174992,314.1847222222222,3.9114583333333335,No,26,Man,High School,26-30,5.236412037037037
p6813283799,72.90892857142856,7.1328125,No,23,Woman,Bachelor's,21-25,1.2151488095238094
p6821515591,258.7142857142857,8.25,Yes,19,Man,High School,18-20,4.311904761904762
p6828630999,10.879054779806658,5.71875,Yes,22,Woman,High School,21-25,0.1813175796634443
p6831701082,177.84067460317462,0.8333333333333334,No,36,Woman,Bachelor's,36-40,2.9640112433862438
p6850696554,205.43892452612113,6.09375,Yes,23,Man,Bachelor's,21-25,3.4239820754353523
p6852611858,0.0,2.96875,Yes,21,Woman,Bachelor's,21-25,0.0
p6857088270,167.12916666666666,7.796875,Yes,29,Woman,Bachelor's,26-30,2.785486111111111
p6870375527,136.01309523809525,7.041666666666667,Yes,34,Man,Bachelor's,31-35,2.266884920634921
p6895873993,82.0123015873016,6.083333333333333,No,36,Woman,Bachelor's,36-40,1.3668716931216933
p6903029708,84.57261904761904,5.25,Yes,18,Woman,Bachelor's,18-20,1.4095436507936507
p6924781166,99.07142857142858,7.44375,Yes,36,Man,Bachelor's,36-40,1.6511904761904763
p6930852185,191.10427635654315,6.30625,Yes,25,Man,Bachelor's,21-25,3.1850712726090524
p6933329739,57.64345238095239,8.296875,No,20,Man,Bachelor's,18-20,0.9607242063492065
p6945206110,363.6587301587301,9.677083333333334,Yes,24,Man,High School,21-25,6.060978835978835
p6951710846,109.10952380952381,3.796875,Yes,21,Man,High School,21-25,1.8184920634920634
p7000965130,0.0,5.958333333333333,Yes,28,Non-Binary,Less than High School,26-30,0.0
p7013953375,5.325793650793651,7.140625,No,32,Man,Bachelor's,31-35,0.08876322751322752
p7031747248,3.1276190476190475,4.15625,No,26,Woman,Bachelor's,26-30,0.052126984126984126
p7041201660,103.56428571428572,3.0000000000000004,Yes,24,Man,Bachelor's,21-25,1.7260714285714287
p7046194858,8.026190476190477,8.15625,No,23,Man,Bachelor's,21-25,0.1337698412698413
p7046496850,124.68666666666668,3.63125,Yes,26,Man,Bachelor's,26-30,2.0781111111111112
p7049769002,55.45,1.9062500000000004,Yes,26,Woman,Bachelor's,26-30,0.9241666666666667
p7063778247,185.78333333333333,2.328125,Yes,30,Woman,High School,26-30,3.096388888888889
p7100155365,90.04444444444442,6.838541666666667,Yes,27,Woman,Bachelor's,26-30,1.5007407407407405
p7100222253,0.0,4.46875,Yes,28,Man,High School,26-30,0.0
p7113164534,78.97040087863812,3.65625,Yes,25,Man,Bachelor's,21-25,1.316173347977302
p7114502411,145.6745238095238,5.84375,Yes,25,Man,Bachelor's,21-25,2.42790873015873
p7124428238,264.58333333333337,4.375,Yes,28,Woman,Bachelor's,26-30,4.409722222222223
p7136415474,15.427976190476192,8.2578125,Yes,36,Man,Bachelor's,36-40,0.25713293650793656
p7143481934,388.6427864772648,6.786458333333333,Yes,25,Man,Bachelor's,21-25,6.47737977462108
p7149831819,111.83714285714284,4.0125,Yes,22,Man,Bachelor's,21-25,1.8639523809523806
p7162729307,116.0258839238697,4.48125,Yes,30,Man,Bachelor's,26-30,1.933764732064495
p7180392294,0.0,5.90625,No,28,Man,Bachelor's,26-30,0.0
p7192558313,0.6726190476190474,5.640625,No,40,Man,Bachelor's,36-40,0.011210317460317457
p7201869878,79.74345238095236,4.953125,Yes,22,Non-Binary,Bachelor's,21-25,1.3290575396825395
p7217750437,180.7547619047619,5.625,No,28,Man,Bachelor's,26-30,3.012579365079365
p7218310834,74.31488095238095,3.75,Yes,30,Woman,Bachelor's,26-30,1.238581349206349
p7235195124,3.7728571428571427,3.575,No,28,Woman,Bachelor's,26-30,0.06288095238095238
p7236175618,21.83809523809524,0.7999999999999998,No,26,Man,Bachelor's,26-30,0.363968253968254
p7239533918,436.56060367923965,7.90625,Yes,19,Woman,Bachelor's,18-20,7.276010061320661
p7260157425,369.55,5.21875,Yes,19,Woman,Bachelor's,18-20,6.159166666666667
p7276810177,5.348412698412698,4.71875,Yes,28,Woman,Bachelor's,26-30,0.08914021164021163
p7280726018,67.52063492063492,5.208333333333333,Yes,26,Non-Binary,Master's/Doctorate,26-30,1.1253439153439153
p7304603891,224.94047619047618,1.5885416666666667,Yes,34,Man,Bachelor's,31-35,3.7490079365079363
p7340006169,46.45,2.78125,Yes,23,Woman,Bachelor's,21-25,0.7741666666666667
p7342290296,113.0466238246891,6.8203125,Yes,35,Man,Master's/Doctorate,31-35,1.8841103970781519
p7373510855,129.43623517823997,5.34375,Yes,22,Man,High School,21-25,2.1572705863039996
p7380908882,0.0,4.09375,Yes,25,Woman,Bachelor's,21-25,0.0
p7393549429,91.73452380952381,7.14375,No,23,Woman,Bachelor's,21-25,1.52890873015873
p7395189349,86.79761904761904,7.546875,No,39,Man,Bachelor's,36-40,1.4466269841269839
p7397910760,66.93333333333334,7.09375,No,22,Man,Bachelor's,21-25,1.1155555555555556
p7406267662,19.78253968253968,7.109375,Yes,33,Woman,Master's/Doctorate,31-35,0.3297089947089947
p7411535870,301.2416033755274,7.359375,Yes,19,Man,High School,18-20,5.0206933895921235
p7443615922,142.93928571428572,9.625,Yes,29,Woman,Bachelor's,26-30,2.3823214285714287
p7458464908,50.473015873015875,6.666666666666667,Yes,29,Non-Binary,High School,26-30,0.8412169312169312
p7471557772,153.72976190476194,5.0625,No,22,Man,Bachelor's,21-25,2.562162698412699
p7471810498,170.27440476190478,2.828125,Yes,19,Man,High School,18-20,2.8379067460317464
p7476598017,58.11547619047619,8.71875,Yes,21,Man,High School,21-25,0.9685912698412698
p7501596193,0.0,5.90625,Yes,22,Woman,High School,21-25,0.0
p7507448010,196.2267832444181,4.78125,No,32,Man,Bachelor's,31-35,3.2704463874069685
p7524556172,1.7142857142857144,7.640625,Yes,18,Man,Bachelor's,18-20,0.028571428571428574
p7526255903,0.0,6.71875,Yes,29,Non-Binary,Bachelor's,26-30,0.0
p7533124851,18.45714285714286,3.3125,Yes,25,Man,Bachelor's,21-25,0.3076190476190476
p7534950874,186.14285714285717,4.9375,No,28,Man,Bachelor's,26-30,3.102380952380953
p7543050033,86.61309523809524,3.484375,Prefer not to say,21,Man,High School,21-25,1.4435515873015874
p7547844138,85.25416666666666,7.729166666666667,Yes,34,Non-Binary,Bachelor's,31-35,1.4209027777777776
p7554054374,49.51428571428571,6.28125,Yes,22,Man,High School,21-25,0.8252380952380952
p7557242860,159.7716877628354,4.255208333333333,Yes,25,Woman,Bachelor's,21-25,2.662861462713923
p7562463860,0.0,7.75,No,18,Man,Bachelor's,18-20,0.0
p7567101271,31.130952380952383,2.432291666666667,No,24,Woman,Bachelor's,21-25,0.5188492063492064
p7579273364,196.16190476190476,4.6875,Yes,21,Man,Bachelor's,21-25,3.2693650793650795
p7592657057,58.4170634920635,6.291666666666667,Yes,34,Woman,Bachelor's,31-35,0.973617724867725
p7595485453,29.346435405411967,7.525,No,32,Man,Bachelor's,31-35,0.4891072567568661
p7599412380,0.0,6.2265625,No,24,Woman,Bachelor's,21-25,0.0
p7614196077,59.90666666666666,7.3125,No,25,Man,Bachelor's,21-25,0.9984444444444444
p7629031346,41.53690476190476,4.364583333333333,Yes,26,Non-Binary,Bachelor's,26-30,0.692281746031746
p7633769862,22.849107142857143,8.21875,Yes,28,Man,Bachelor's,26-30,0.3808184523809524
p7641601820,18.867380952380955,4.8125,Yes,33,Woman,Bachelor's,31-35,0.31445634920634924
p7649474441,1.1190476190476193,8.630208333333334,No,22,Man,Bachelor's,21-25,0.018650793650793654
p7653710527,28.135714285714283,6.5,Yes,24,Man,Bachelor's,21-25,0.46892857142857136
p7670356983,11.028571428571428,5.09375,Yes,20,Man,Bachelor's,18-20,0.1838095238095238
p7672612178,106.76309523809523,5.442708333333333,No,30,Man,Master's/Doctorate,26-30,1.7793849206349206
p7695412193,67.22621343935756,7.375,Yes,23,Non-Binary,Bachelor's,21-25,1.1204368906559594
p7695560347,242.52857142857144,3.78125,Yes,32,Man,Master's/Doctorate,31-35,4.042142857142857
p7696159523,355.2107142857143,3.625,Yes,34,Woman,Bachelor's,31-35,5.920178571428571
p7700674469,6.042857142857143,6.5125,No,38,Man,Master's/Doctorate,36-40,0.10071428571428571
p7710926976,160.88928571428573,4.4375,Yes,26,Man,Bachelor's,26-30,2.6814880952380955
p7762376162,0.0,4.401041666666667,Yes,30,Man,Bachelor's,26-30,0.0
p7785790688,93.71309523809524,3.0000000000000004,No,24,Non-Binary,Bachelor's,21-25,1.5618849206349206
p7800401211,17.97142857142857,4.5625,Yes,23,Non-Binary,Bachelor's,21-25,0.2995238095238095
p7806310520,252.8189163795795,6.28125,Yes,24,Non-Binary,Master's/Doctorate,21-25,4.213648606326325
p7812322190,99.15238095238095,4.302083333333333,Yes,30,Woman,High School,26-30,1.6525396825396825
p7825895109,51.90416666666667,8.880208333333334,Yes,37,Man,Master's/Doctorate,36-40,0.8650694444444444
p7830605707,43.496428571428574,8.307291666666666,Yes,22,Man,High School,21-25,0.7249404761904762
p7841112924,184.70148642634624,7.46875,Yes,27,Woman,Bachelor's,26-30,3.0783581071057706
p7842327082,426.07142857142856,4.4375,No,20,Non-Binary,High School,18-20,7.101190476190476
p7852485498,382.18670634920636,7.822916666666667,Yes,34,Man,Master's/Doctorate,31-35,6.369778439153439
p7857990043,76.64017857142856,5.90625,No,30,Man,Bachelor's,26-30,1.2773363095238095
p7869753126,27.204761904761906,5.9375,Yes,30,Man,Bachelor's,26-30,0.45341269841269843
p7982485482,82.40992063492064,8.046875,Yes,23,Man,Bachelor's,21-25,1.3734986772486772
p7997168745,161.45785714285716,4.3625,Yes,20,Woman,Less than High School,18-20,2.690964285714286
p8002166558,0.0,6.25,Yes,25,Woman,Bachelor's,21-25,0.0
p8006727392,31.51309523809524,5.640625,Yes,20,Man,High School,18-20,0.525218253968254
p8007429075,91.96547619047618,6.15625,Yes,21,Man,Bachelor's,21-25,1.5327579365079365
p8010051276,62.94642857142857,3.9296875,No,30,Man,Bachelor's,26-30,1.0491071428571428
p8015513462,26.285714285714285,4.3125,Yes,26,Woman,Bachelor's,26-30,0.4380952380952381
p8017360842,162.02289445808657,5.95,No,26,Non-Binary,Bachelor's,26-30,2.700381574301443
p8031841865,70.29920715412602,7.020833333333333,Yes,26,Man,Bachelor's,26-30,1.171653452568767
p8044421519,196.76369047619048,4.75,Yes,31,Man,High School,31-35,3.2793948412698413
p8053661186,6.436309523809524,4.359375,Yes,28,Non-Binary,Bachelor's,26-30,0.10727182539682541
p8060491845,69.65396825396824,7.822916666666667,No,32,Woman,Bachelor's,31-35,1.1608994708994707
p8063800636,52.672857142857154,3.60625,Yes,33,Non-Binary,High School,31-35,0.8778809523809525
p8065792466,4.4904761904761905,3.421875,Yes,30,Man,Bachelor's,26-30,0.07484126984126985
p8066179073,198.56626984126987,6.546875,Yes,27,Man,Bachelor's,26-30,3.3094378306878314
p8069937472,50.489285714285714,5.75,Yes,37,Man,Bachelor's,36-40,0.8414880952380952
p8071813897,0.0,4.604166666666667,No,26,Woman,Bachelor's,26-30,0.0
p8077781814,138.4226190476191,4.46875,No,22,Man,Bachelor's,21-25,2.3070436507936516
p8084212930,140.2824404761905,6.6171875,No,22,Man,Bachelor's,21-25,2.338040674603175
p8123452690,178.57785714285714,3.7,No,32,Man,Bachelor's,31-35,2.976297619047619
p8130183415,161.3022671309499,7.239583333333333,Yes,28,Man,High School,26-30,2.688371118849165
p8166615485,247.1065476190476,6.8125,No,25,Man,Bachelor's,21-25,4.11844246031746
p8175392262,0.0,7.78125,No,27,Woman,Bachelor's,26-30,0.0
p8177082102,22.683134920634924,8.088541666666666,No,28,Woman,Bachelor's,26-30,0.37805224867724874
p8198115088,414.76190476190476,4.015625,No,29,Woman,Bachelor's,26-30,6.912698412698413
p8206134606,127.05238095238096,8.78125,No,21,Man,Bachelor's,21-25,2.117539682539683
p8244365768,0.0,4.203125,No,21,Woman,Bachelor's,21-25,0.0
p8261867299,85.81130952380953,4.838541666666667,No,25,Woman,Master's/Doctorate,21-25,1.4301884920634922
p8274370559,25.556428571428572,6.41875,No,26,Man,Master's/Doctorate,26-30,0.4259404761904762
p8277316515,369.5988095238096,7.46875,No,33,Man,Bachelor's,31-35,6.159980158730161
p8302142140,263.99463003587135,2.9322916666666665,Yes,40,Man,Master's/Doctorate,36-40,4.399910500597856
p8311869437,78.78959765619909,3.29375,Yes,23,Man,Bachelor's,21-25,1.3131599609366515
p8327819914,46.59126984126984,6.958333333333333,Yes,22,Non-Binary,Master's/Doctorate,21-25,0.776521164021164
p8341567853,44.96507936507937,6.796875,No,25,Woman,Bachelor's,21-25,0.7494179894179894
p8346769038,212.93809523809523,9.625,No,27,Woman,Bachelor's,26-30,3.548968253968254
p8358043519,0.7142857142857143,9.5625,Yes,23,Woman,Bachelor's,21-25,0.011904761904761906
p8370351220,130.2404761904762,7.8125,Yes,30,Woman,Bachelor's,26-30,2.170674603174603
p8375636157,221.05120855330787,6.901041666666667,No,31,Man,Bachelor's,31-35,3.684186809221798
p8393122222,75.09583333333335,2.484375,No,29,Woman,Bachelor's,26-30,1.2515972222222225
p8398136783,143.60753968253968,3.3125,Yes,27,Man,Bachelor's,26-30,2.3934589947089946
p8401018356,192.8738095238095,4.21875,Yes,22,Woman,High School,21-25,3.214563492063492
p8419946642,104.7190476190476,3.84375,Yes,28,Woman,Bachelor's,26-30,1.74531746031746
p8435277740,37.349999999999994,2.421875,Yes,24,Man,Bachelor's,21-25,0.6224999999999999
p8447196626,0.0,6.09375,Yes,25,Non-Binary,Bachelor's,21-25,0.0
p8464536254,323.09166666666664,1.8593750000000002,Yes,29,Man,Bachelor's,26-30,5.38486111111111
p8470237801,62.073951526773406,2.1875,Yes,27,Non-Binary,Bachelor's,26-30,1.0345658587795568
p8495494005,251.17380952380952,5.5625,No,28,Man,Bachelor's,26-30,4.186230158730159
p8507035823,33.69047619047619,8.010416666666666,Yes,39,Man,Master's/Doctorate,36-40,0.5615079365079365
p8527654645,305.06746031746036,2.96875,Yes,29,Man,Bachelor's,26-30,5.084457671957673
p8543767208,62.919642857142854,5.411458333333333,Yes,24,Woman,High School,21-25,1.0486607142857143
p8549106416,11.714285714285714,5.5625,Yes,28,Man,Bachelor's,26-30,0.19523809523809524
p8565821796,41.25,9.84375,Yes,27,Woman,Bachelor's,26-30,0.6875
p8587073166,0.0,5.65625,No,22,Woman,High School,21-25,0.0
p8595215879,108.16428571428571,3.7875,Prefer not to say,29,Man,Bachelor's,26-30,1.8027380952380951
p8597605748,4.936507936507937,5.098958333333333,Yes,30,Woman,Bachelor's,26-30,0.08227513227513228
p8603899967,45.32142857142858,4.526041666666667,Yes,33,Man,High School,31-35,0.755357142857143
p8628923883,27.27857142857143,8.015625,Yes,29,Woman,Bachelor's,26-30,0.4546428571428571
p8652490392,36.67936507936508,5.78125,Yes,30,Man,Bachelor's,26-30,0.6113227513227513
p8660117297,73.39265873015873,3.4010416666666665,Yes,23,Man,Bachelor's,21-25,1.2232109788359788
p8687918104,86.06309523809523,9.765625,Yes,29,Man,Master's/Doctorate,26-30,1.4343849206349204
p8693396078,305.1275793650794,3.3697916666666665,Yes,25,Man,Bachelor's,21-25,5.085459656084656
p8704555761,0.0,4.46875,Yes,20,Man,Bachelor's,18-20,0.0
p8718554029,34.50119047619047,4.625,No,27,Woman,Bachelor's,26-30,0.5750198412698412
p8725873478,92.36309523809524,7.15625,No,25,Man,Bachelor's,21-25,1.5393849206349206
p8765999141,170.2535714285714,3.84375,No,25,Man,Bachelor's,21-25,2.8375595238095235
p8772787282,1.5448412698412692,7.932291666666667,Yes,35,Woman,Bachelor's,31-35,0.025747354497354488
p8827099619,65.42547619047619,7.85625,Prefer not to say,37,Woman,Bachelor's,36-40,1.0904246031746032
p8830912421,101.70942975003159,3.3177083333333335,Yes,22,Woman,High School,21-25,1.6951571625005264
p8831453255,18.83690476190477,3.375,Yes,26,Man,Bachelor's,26-30,0.31394841269841284
p8833082787,281.9198412698413,5.052083333333333,Yes,36,Woman,Bachelor's,36-40,4.698664021164022
p8842247340,43.041666666666664,5.4375,Yes,22,Man,Bachelor's,21-25,0.7173611111111111
p8869650306,2.6785714285714284,5.609375,No,30,Woman,Bachelor's,26-30,0.04464285714285714
p8879683606,166.9017857142857,7.041666666666667,Yes,24,Man,Bachelor's,21-25,2.7816964285714283
p8885990642,248.52646480331265,5.63125,Prefer not to say,25,Man,Bachelor's,21-25,4.142107746721877
p8895858160,99.46428571428572,7.546875,Yes,23,Woman,High School,21-25,1.6577380952380953
p8915360904,249.3767857142857,6.40625,No,27,Woman,Bachelor's,26-30,4.156279761904761
p8918625829,0.3571428571428571,8.875,No,24,Man,Master's/Doctorate,21-25,0.005952380952380951
p8934204604,20.755952380952383,4.7875,Yes,22,Man,Bachelor's,21-25,0.34593253968253973
p8935355838,64.79464285714286,8.34375,No,33,Non-Binary,Master's/Doctorate,31-35,1.0799107142857143
p8939410506,14.301666666666668,2.61875,Yes,31,Non-Binary,Bachelor's,31-35,0.23836111111111113
p8946777153,88.74047619047619,4.84375,Prefer not to say,30,Woman,Bachelor's,26-30,1.4790079365079365
p8952294822,69.76491320006443,4.375,No,40,Woman,Bachelor's,36-40,1.162748553334407
p8962983339,42.63619047619048,2.90625,No,29,Man,High School,26-30,0.7106031746031747
p8969922767,0.0,6.2578125,No,26,Woman,Master's/Doctorate,26-30,0.0
p9029898792,118.21904761904764,3.6875,No,19,Man,Bachelor's,18-20,1.9703174603174607
p9043573840,117.21011759226917,3.09375,No,24,Woman,Bachelor's,21-25,1.953501959871153
p9043729764,30.91071428571428,6.708333333333333,Yes,34,Man,Master's/Doctorate,31-35,0.5151785714285714
p9050444100,26.759138295064663,4.708333333333333,Yes,30,Man,Bachelor's,26-30,0.44598563825107773
p9117077026,31.042142857142856,4.35625,No,29,Man,Bachelor's,26-30,0.5173690476190476
p9136974950,142.79702380952384,8.03125,Yes,22,Man,Less than High School,21-25,2.3799503968253974
p9149678763,0.0,6.03125,Yes,26,Man,Bachelor's,26-30,0.0
p9149827217,449.06016622665504,6.29375,Prefer not to say,28,Non-Binary,Less than High School,26-30,7.484336103777584
p9160507531,71.54285714285714,5.5,Yes,27,Man,Bachelor's,26-30,1.1923809523809523
p9184707049,170.18611111111113,6.864583333333333,No,32,Woman,Bachelor's,31-35,2.8364351851851857
p9203138330,24.91071428571429,5.7109375,Yes,34,Woman,Bachelor's,31-35,0.41517857142857145
p9217662220,21.09126984126984,7.255208333333333,Yes,35,Man,Master's/Doctorate,31-35,0.35152116402116396
p9218484222,132.0297619047619,5.765625,Yes,25,Man,High School,21-25,2.200496031746032
p9224534584,112.09833333333331,3.10625,No,24,Non-Binary,Bachelor's,21-25,1.8683055555555552
p9225110616,19.790674603174605,4.994791666666667,Yes,31,Man,Bachelor's,31-35,0.32984457671957673
p9230877612,32.839285714285715,6.0625,Yes,24,Woman,High School,21-25,0.5473214285714286
p9238140225,51.86388888888889,6.411458333333333,Yes,39,Man,Master's/Doctorate,36-40,0.8643981481481481
p9254710649,178.4904761904762,5.645833333333333,No,30,Man,High School,26-30,2.97484126984127
p9310277241,0.0,6.3125,Yes,18,Woman,Less than High School,18-20,0.0
p9313026376,196.9010481486852,2.5364583333333335,Yes,28,Man,Bachelor's,26-30,3.2816841358114197
p9349871619,65.70277777777778,4.35,Prefer not to say,21,Non-Binary,Bachelor's,21-25,1.0950462962962964
p9365753716,155.7642857142857,4.625,No,23,Woman,Bachelor's,21-25,2.5960714285714284
p9366373675,538.8630952380953,7.28125,Yes,25,Man,High School,21-25,8.981051587301588
p9368973264,0.0,6.8125,Prefer not to say,32,Man,Bachelor's,31-35,0.0
p9370500981,168.01109499041883,4.3625,Yes,22,Non-Binary,Bachelor's,21-25,2.8001849165069803
p9378161096,143.94880952380953,6.48125,Yes,25,Man,Bachelor's,21-25,2.3991468253968256
p9388623377,47.85714285714285,6.84375,Yes,34,Woman,Master's/Doctorate,31-35,0.7976190476190474
p9396832728,98.21833333333333,1.68125,Yes,26,Man,Bachelor's,26-30,1.6369722222222223
p9408910862,232.80016974376588,6.546875,Yes,23,Non-Binary,Bachelor's,21-25,3.880002829062765
p9454285012,2.576984126984127,4.203125,No,29,Woman,Master's/Doctorate,26-30,0.04294973544973545
p9479318700,329.0553571428571,2.385416666666667,Yes,29,Non-Binary,High School,26-30,5.484255952380951
p9481275097,0.0,6.49375,No,26,Woman,Bachelor's,26-30,0.0
p9491050479,23.678571428571427,2.421875,Yes,25,Man,High School,21-25,0.39464285714285713
p9500606672,197.59790640394087,4.71875,Yes,28,Woman,Bachelor's,26-30,3.2932984400656813
p9508586918,92.22916666666666,5.125,Yes,22,Man,Bachelor's,21-25,1.5371527777777776
p9547054382,37.448214285714286,2.8125,Yes,28,Woman,Bachelor's,26-30,0.6241369047619048
p9548428663,92.30714285714284,8.25,Yes,32,Man,Bachelor's,31-35,1.5384523809523807
p9567411163,105.04166666666667,5.635416666666667,Yes,26,Man,Bachelor's,26-30,1.7506944444444446
p9575171485,300.4154761904762,2.125,Yes,30,Woman,Bachelor's,26-30,5.006924603174604
p9578205671,62.214682539682535,5.84375,Yes,20,Man,High School,18-20,1.0369113756613755
p9579516567,43.17619047619048,6.40625,Yes,27,Woman,Bachelor's,26-30,0.7196031746031746
p9579564964,20.07261904761905,7.8125,No,24,Woman,Bachelor's,21-25,0.33454365079365084
p9586227735,145.1813492063492,4.729166666666667,Yes,19,Woman,Bachelor's,18-20,2.4196891534391534
p9626374981,39.28053709856035,4.578125,No,29,Woman,Bachelor's,26-30,0.6546756183093392
p9652626733,27.797619047619047,7.796875,Yes,27,Man,Master's/Doctorate,26-30,0.4632936507936508
p9652709083,30.66964285714286,3.5364583333333335,No,33,Man,Bachelor's,31-35,0.5111607142857143
p9654826477,34.36230158730159,1.9375,No,37,Woman,High School,36-40,0.5727050264550264
p9693242494,0.11904761904761905,7.036458333333333,Yes,26,Woman,High School,26-30,0.0019841269841269845
p9705386163,245.97767857142858,6.7890625,No,30,Man,Master's/Doctorate,26-30,4.099627976190477
p9712175331,103.48928571428571,7.15625,Yes,23,Man,Bachelor's,21-25,1.7248214285714285
p9726950684,103.69226190476189,7.90625,Yes,26,Man,High School,26-30,1.7282043650793648
p9731745172,114.74880952380953,7.03125,Yes,23,Woman,Bachelor's,21-25,1.9124801587301588
p9742338716,63.606428571428566,4.05,Prefer not to say,24,Woman,Bachelor's,21-25,1.0601071428571427
p9753786292,153.1219206050957,6.265625,Yes,26,Woman,Bachelor's,26-30,2.5520320100849285
p9775353241,218.48911827831867,3.1625,No,26,Man,Bachelor's,26-30,3.6414853046386444
p9790829648,74.13829365079364,7.723958333333333,Yes,36,Man,Bachelor's,36-40,1.2356382275132274
p9799494409,62.93452380952382,7.994791666666667,Yes,29,Woman,Bachelor's,26-30,1.0489087301587303
p9814704675,0.0,5.177083333333333,Yes,24,Man,High School,21-25,0.0
p9834115747,0.0,7.5625,No,25,Man,High School,21-25,0.0
p9848068013,166.17499999999998,3.0000000000000004,No,38,Man,Bachelor's,36-40,2.769583333333333
p9851812735,64.80376984126984,5.130208333333333,Yes,22,Woman,Bachelor's,21-25,1.0800628306878306
p9865727744,206.2459523809524,3.19375,Yes,23,Woman,High School,21-25,3.43743253968254
p9882752775,26.16071428571429,5.5859375,No,32,Woman,Bachelor's,31-35,0.4360119047619048
p9900143900,8.788690476190476,7.203125,Yes,25,Man,Bachelor's,21-25,0.1464781746031746
p9903932204,48.331746031746036,6.5625,No,29,Man,Master's/Doctorate,26-30,0.8055291005291007
p9920393957,0.0,6.90625,No,23,Man,High School,21-25,0.0
p9940084075,135.8875,5.114583333333333,No,32,Non-Binary,Bachelor's,31-35,2.2647916666666665
p9964755184,82.9531746031746,3.3645833333333335,No,27,Non-Binary,Bachelor's,26-30,1.3825529100529101
p9976509821,172.60870954582538,6.6875,Yes,24,Non-Binary,Bachelor's,21-25,2.8768118257637565
p9979986994,477.7390734594606,6.213541666666667,Prefer not to say,19,Man,High School,18-20,7.96231789099101
p9995771948,8.119047619047619,6.979166666666667,Yes,36,Man,Bachelor's,36-40,0.1353174603174603
