date,duration,duration_smooth
2024-01-02,462.4563888888889,426.5590090385369
2024-01-03,414.87583333333333,426.4135314443
2024-01-04,441.0827777777778,426.5360441292362
2024-01-05,443.3569444444445,426.9103457224092
2024-01-06,489.24861111111113,427.5205748009094
2024-01-07,495.50083333333333,428.3512098898537
2024-01-08,389.04083333333335,429.38706946238574
2024-01-09,347.07,430.6133119396756
2024-01-10,344.0647222222222,432.01543569092
2024-01-11,408.25166666666667,433.57927903334223
2024-01-12,385.1219444444444,435.2910202321922
2024-01-13,415.51694444444445,437.13717750074625
2024-01-14,444.12083333333334,439.10460900030745
2024-01-15,411.8569444444445,441.1805128402055
2024-01-16,443.2702777777778,443.3524270777965
2024-01-17,417.9577777777778,445.6082297184633
2024-01-18,440.98805555555555,447.9361387156152
2024-01-19,449.5047222222222,450.32471197068816
2024-01-20,537.8477777777778,452.7628473331447
2024-01-21,600.3744444444444,455.2397826004739
2024-01-22,535.6411111111112,457.74509551819153
2024-01-23,466.94138888888887,460.2687037798397
2024-01-24,454.4422222222222,462.80086502698737
2024-01-25,462.81694444444446,465.33217684922994
2024-01-26,457.65972222222223,467.8535767841894
2024-01-27,540.4525,470.35634231751436
2024-01-28,454.5305555555555,472.83209088288
2024-01-29,418.56111111111113,475.272779861988
2024-01-30,417.44666666666666,477.67070658456674
2024-01-31,383.8252777777778,480.0185083283711
2024-02-01,392.2583333333333,482.30916231918275
2024-02-02,459.21472222222224,484.5359857308095
2024-02-03,558.6586111111112,486.69263568508615
2024-02-04,537.2780555555556,488.77310925187396
2024-02-05,415.0208333333333,490.7717434490607
2024-02-06,448.43833333333333,492.6832152425607
2024-02-07,448.84055555555557,494.5025415463151
2024-02-08,548.9994444444444,496.22507922229136
2024-02-09,501.8927777777778,497.8465250804837
2024-02-10,595.4911111111111,499.3629158789127
2024-02-11,580.5936111111112,500.77062832362583
2024-02-12,510.8238888888889,502.06637906869685
2024-02-13,497.7655555555556,503.24722471622624
2024-02-14,515.2900000000001,504.3105618163412
2024-02-15,482.13972222222225,505.2541268671952
2024-02-16,480.96222222222224,506.07599631496856
2024-02-17,575.6277777777777,506.77458655386795
2024-02-18,588.9661111111111,507.3486539261269
2024-02-19,503.6672222222222,507.79729472200523
2024-02-20,468.02944444444444,508.11994517978957
2024-02-21,441.7725,506.9981815267475
2024-02-22,519.0811111111111,507.5978163831522
2024-02-23,539.6777777777778,507.3755696616579
2024-02-24,573.5380555555555,506.8441249750207
2024-02-25,588.3458333333333,504.4423092631918
2024-02-26,522.8833333333333,501.1821865602739
2024-02-27,467.59527777777777,499.69749370302276
2024-02-28,454.3827777777778,499.4368092156083
2024-02-29,547.9080555555555,499.6399766975737
2024-03-01,482.2575,500.2398228403205
2024-03-02,470.85305555555556,500.77434129900223
2024-03-03,493.2963888888889,498.90578860178044
2024-03-04,456.5136111111111,496.65884560247235
2024-03-05,402.67722222222227,496.24425954449384
2024-03-06,453.52666666666664,494.6036469156567
2024-03-07,479.5022222222222,494.6606498023495
2024-03-08,461.13972222222225,494.6882328186851
2024-03-09,549.661111111111,494.20008553180327
2024-03-10,535.4402777777779,491.3383970808959
2024-03-11,482.5066666666667,486.5995651979021
2024-03-12,440.8286111111111,482.5120532622073
2024-03-13,480.18916666666667,479.54058388918463
2024-03-14,422.86611111111114,477.64101318796236
2024-03-15,485.96305555555557,476.2046425423303
2024-03-16,511.67249999999996,475.6527777329357
2024-03-17,511.50055555555554,471.250267830562
2024-03-18,434.1638888888889,468.87875234477144
2024-03-19,488.62666666666667,467.2818684888517
2024-03-20,511.0541666666667,466.3293714298035
2024-03-21,426.99,466.3726153271658
2024-03-22,459.4261111111111,466.6259879289032
2024-03-23,516.9680555555556,466.2422408768157
2024-03-24,524.8494444444444,463.4558017047638
2024-03-25,478.8886111111111,461.34524710334955
2024-03-26,458.6219444444444,462.613731212539
2024-03-27,461.15166666666664,462.8009509350739
2024-03-28,451.70611111111106,462.92887989839755
2024-03-29,466.0338888888889,463.2728812916735
2024-03-30,484.17861111111114,463.6306460686012
2024-03-31,418.00527777777774,460.95790036522357
2024-04-01,451.15777777777777,458.2503538816996
2024-04-02,461.6186111111111,458.0964526501237
2024-04-03,499.47805555555556,457.6015542806622
2024-04-04,427.44,457.23496362529113
2024-04-05,421.61083333333335,458.46168761743365
2024-04-06,426.4458333333333,460.26454271232046
2024-04-07,549.1172222222223,459.77236163301313
2024-04-08,443.1072222222222,457.03445148415045
2024-04-09,394.2055555555555,456.44437251047054
2024-04-10,420.2291666666667,455.9382328639116
2024-04-11,415.2608333333334,457.43793574064324
2024-04-12,476.69277777777774,457.23869762244556
2024-04-13,475.39500000000004,456.7579199430249
2024-04-14,481.1508333333333,454.2553914196861
2024-04-15,450.3972222222222,450.6920448707199
2024-04-16,435.93694444444446,449.03558540525563
2024-04-17,433.80083333333334,448.440285404929
2024-04-18,446.6430555555555,448.8671126755111
2024-04-19,451.37555555555554,447.40365209627805
2024-04-20,537.3291666666667,447.44550379067823
2024-04-21,522.8683333333333,446.88632809466674
2024-04-22,418.1561111111111,446.4714129620071
2024-04-23,410.6019444444444,446.21799647497943
2024-04-24,465.375,448.44299735695495
2024-04-25,421.00916666666666,450.58382106881345
2024-04-26,476.5180555555555,453.10528127321385
2024-04-27,496.3547222222222,454.9902156267095
2024-04-28,477.65138888888885,454.7977888829193
2024-04-29,444.8136111111111,454.79618842712705
2024-04-30,428.11777777777775,456.7536851978944
2024-05-01,417.8513888888889,459.80010477317603
2024-05-02,409.52805555555557,462.2100145430085
2024-05-03,448.6616666666667,465.8951704577445
2024-05-04,485.4161111111111,469.41649884827905
2024-05-05,542.4263888888888,471.15001151374685
2024-05-06,437.4075,472.33087588441543
2024-05-07,465.3175,476.0737836463137
2024-05-08,461.6636111111111,478.5643588380014
2024-05-09,480.3136111111111,480.02254205510735
2024-05-10,479.3625,484.35073062852376
2024-05-11,469.5388888888889,487.6349730186358
2024-05-12,480.0683333333333,488.8133635229073
2024-05-13,447.52638888888885,489.489647698249
2024-05-14,467.7363888888889,492.50325914791284
2024-05-15,520.6472222222222,496.49773296440276
2024-05-16,477.71694444444444,499.46088174657416
2024-05-17,447.85055555555556,501.84139389951156
2024-05-18,555.4572222222222,505.11598217914525
2024-05-19,520.8344444444444,505.75594760144924
2024-05-20,456.7194444444445,508.2350131650568
2024-05-21,445.8702777777778,508.9673535299356
2024-05-22,516.3922222222222,509.34549473632217
2024-05-23,483.0236111111111,509.3434112318289
2024-05-24,503.2786111111111,511.33608348989
2024-05-25,557.9727777777778,514.3034587203023
2024-05-26,595.8461111111111,515.2166224346541
2024-05-27,591.2900000000001,513.6498119175236
2024-05-28,510.2425,514.2497524098118
2024-05-29,549.1527777777777,515.1957691109495
2024-05-30,510.5025,516.3973262503257
2024-05-31,576.8913888888889,519.1174149994439
2024-06-01,561.2816666666666,520.0047416406543
2024-06-02,576.4886111111111,519.0300514349126
2024-06-03,513.3119444444444,518.5750360110957
2024-06-04,477.46666666666664,519.890927915634
2024-06-05,515.8316666666667,519.910511270834
2024-06-06,508.48583333333335,520.6984701651552
2024-06-07,534.0686111111111,521.640559636647
2024-06-08,524.6533333333333,521.8017242510853
2024-06-09,542.6133333333333,520.0159529351686
2024-06-10,487.1536111111111,518.3014529746931
2024-06-11,501.7808333333333,516.6104464188974
2024-06-12,452.5416666666667,516.141138118109
2024-06-13,497.065,514.7331028012827
2024-06-14,518.0822222222222,515.9759680657507
2024-06-15,557.276111111111,515.9321095107065
2024-06-16,495.34000000000003,513.3215428577116
2024-06-17,460.95,510.17068556762274
2024-06-18,452.2855555555555,507.1762206951473
2024-06-19,498.35,504.68904246221075
2024-06-20,504.9791666666667,502.76025965353097
2024-06-21,501.1847222222222,502.1883656346727
2024-06-22,499.4558333333333,501.1708024749735
2024-06-23,548.7772222222222,498.1643646948827
2024-06-24,484.9194444444445,494.26655229434675
2024-06-25,453.2355555555556,492.96141242512084
2024-06-26,504.43611111111113,490.674297576974
2024-06-27,486.8941666666667,489.6693410265049
2024-06-28,454.42361111111114,489.1806794502512
2024-06-29,521.3552777777778,487.9939883400274
2024-06-30,495.2194444444445,485.7952570183757
2024-07-01,439.8061111111111,483.6426324919502
2024-07-02,422.4794444444444,482.89305894859297
2024-07-03,510.70138888888886,482.6364217155141
2024-07-04,564.0727777777778,481.0551104975596
2024-07-05,532.9958333333333,480.4472007137536
2024-07-06,503.8769444444444,481.78915886399125
2024-07-07,584.6119444444445,479.57858453207336
2024-07-08,482.38694444444445,478.21925387907277
2024-07-09,518.3047222222223,478.8500544369105
2024-07-10,454.3061111111111,480.381819767315
2024-07-11,437.74111111111114,480.4625883272129
2024-07-12,456.6394444444444,481.79160924038825
2024-07-13,497.64472222222224,484.4651887915781
2024-07-14,552.9061111111112,485.4088626876098
2024-07-15,449.38888888888886,484.7033769140448
2024-07-16,444.6116666666667,484.6957556186062
2024-07-17,465.92805555555555,486.51877693985534
2024-07-18,424.39444444444445,486.9023935049945
2024-07-19,447.49944444444446,488.7273605578317
2024-07-20,523.1783333333334,489.0014582396037
2024-07-21,501.0011111111111,488.683021009634
2024-07-22,406.81083333333333,486.6975982124928
2024-07-23,440.62555555555554,486.8474757315839
2024-07-24,517.9316666666667,486.9819698999358
2024-07-25,441.8333333333333,488.01855057126824
2024-07-26,479.9172222222222,489.2456156636705
2024-07-27,510.5516666666666,490.71256148015505
2024-07-28,485.2136111111111,489.6178674441568
2024-07-29,488.2286111111111,487.1523779222975
2024-07-30,513.1066666666667,486.09799433078757
2024-07-31,419.7475,484.7383877182371
2024-08-01,464.76500000000004,484.8929952823264
2024-08-02,469.93361111111113,484.3184088770088
2024-08-03,583.5077777777777,483.1445727937395
2024-08-04,604.0719444444444,480.522453065786
2024-08-05,518.9838888888888,479.6043374132771
2024-08-06,485.58888888888885,479.1630759416006
2024-08-07,459.3225,479.51793119115547
2024-08-08,456.42833333333334,478.6212000738795
2024-08-09,457.7711111111111,478.26839826943046
2024-08-10,506.1477777777778,477.26249301428663
2024-08-11,515.7530555555555,475.1758821240368
2024-08-12,440.3297222222222,472.2220178574724
2024-08-13,447.60222222222217,469.6308039380925
2024-08-14,477.86777777777775,469.1560797033224
2024-08-15,438.25388888888887,467.3176637003372
2024-08-16,492.20250000000004,465.91245819861047
2024-08-17,542.8625,464.74654213436025
2024-08-18,512.2538888888889,461.03575312586133
2024-08-19,438.3172222222222,459.15142070599535
2024-08-20,429.29861111111114,457.5272511617762
2024-08-21,447.7322222222222,456.96085690258315
2024-08-22,474.22083333333336,453.95408657841216
2024-08-23,445.8261111111111,451.33174496091186
2024-08-24,440.7836111111111,448.6534491800008
2024-08-25,497.2038888888889,445.5166289551515
2024-08-26,402.8786111111111,440.9195319667606
2024-08-27,398.6844444444444,438.13831062297845
2024-08-28,415.3511111111111,434.92917312676724
2024-08-29,419.7866666666667,433.6064262522639
2024-08-30,384.1788888888889,432.54202807467124
2024-08-31,390.4486111111111,431.4274976438931
2024-09-01,465.60833333333335,427.94478998546657
2024-09-02,427.16111111111115,423.9961917619782
2024-09-03,378.70166666666665,422.4199718511798
2024-09-04,419.88222222222225,420.89561667795493
2024-09-05,444.7566666666667,419.87359993985103
2024-09-06,409.2375,423.2250532991857
2024-09-07,451.4636111111111,424.2963215423427
2024-09-08,449.68055555555554,420.7146266743009
2024-09-09,421.135,417.9359362290808
2024-09-10,355.68805555555554,417.2976835080938
2024-09-11,409.1427777777778,417.28878682648434
2024-09-12,364.82166666666666,416.1642562793256
2024-09-13,450.5388888888889,417.8243857583908
2024-09-14,471.86277777777775,417.6274054391739
2024-09-15,543.0097222222222,416.90487919390335
2024-09-16,424.3386111111111,416.65469212255806
2024-09-17,374.8144444444444,415.7700015265936
2024-09-18,392.32472222222225,415.26973297834394
2024-09-19,385.87361111111113,416.79735370941006
2024-09-20,410.8444444444445,419.7934082201244
2024-09-21,413.15805555555556,422.2436679889443
2024-09-22,407.7488888888889,421.27662194786535
2024-09-23,380.4869444444445,419.70250374224975
2024-09-24,420.3277777777778,418.77042563379206
2024-09-25,414.05305555555555,418.8158495051073
2024-09-26,447.13916666666665,421.9562828597039
2024-09-27,432.13972222222225,425.4099086211453
2024-09-28,484.70138888888886,429.4030420303964
2024-09-29,467.0113888888889,429.8043373033705
2024-09-30,417.3425,430.17517938977795
2024-10-01,431.94166666666666,431.1027682501023
2024-10-02,394.4527777777778,432.60553920526195
2024-10-03,475.03972222222217,434.9946462203256
2024-10-04,464.03027777777777,439.78127098788497
2024-10-05,484.2097222222222,443.721335777399
2024-10-06,471.17361111111114,444.32648400714476
2024-10-07,400.98805555555555,445.0580860952801
2024-10-08,476.8147222222222,448.4773427032074
2024-10-09,432.07666666666665,452.23315282581245
2024-10-10,452.23805555555555,454.9404977227921
2024-10-11,394.7272222222222,457.85653882335765
2024-10-12,476.1011111111111,462.46781895661854
2024-10-13,463.005,465.11657170054957
2024-10-14,413.80361111111114,466.0657699989482
2024-10-15,424.2475,467.92627839200264
2024-10-16,426.89166666666665,470.594632874381
2024-10-17,442.4511111111111,473.8486663793827
2024-10-18,485.36305555555555,478.0571744638386
2024-10-19,481.40055555555557,481.6677726552799
2024-10-20,495.51861111111106,483.53755329755387
2024-10-21,404.2030555555556,484.2921189541807
2024-10-22,433.97555555555556,486.5462247584661
2024-10-23,458.06,489.37755269870115
2024-10-24,442.8830555555556,490.34617229817826
2024-10-25,482.03277777777777,493.8880019930824
2024-10-26,693.2205555555555,497.4351754360352
2024-10-27,625.5338888888889,498.36132351860505
2024-10-28,460.12361111111113,498.7891195423836
2024-10-29,472.7497222222222,499.89949111216373
2024-10-30,469.5625,502.3308691735303
2024-10-31,508.7655555555556,504.4378534355028
2024-11-01,519.0686111111111,507.73024298728785
2024-11-02,593.7538888888888,507.8326644607318
2024-11-03,528.56,506.9470501882126
2024-11-04,524.8169444444444,505.0112683019523
2024-11-05,516.6969444444444,502.92284688751175
2024-11-06,466.62722222222226,503.1196884456486
2024-11-07,494.1336111111111,504.3277126226436
2024-11-08,484.3361111111111,504.4546896145102
2024-11-09,588.3816666666667,504.5335326108179
2024-11-10,560.6652777777778,504.66792037527193
2024-11-11,490.64166666666665,503.75636126318545
2024-11-12,488.7341666666667,503.2216602585226
2024-11-13,435.4061111111111,503.5123120308537
2024-11-14,431.05694444444447,503.5265635555505
2024-11-15,557.6788888888889,502.9697012737388
2024-11-16,575.2833333333333,503.29186147686477
2024-11-17,615.0055555555556,499.75882134508834
2024-11-18,473.33222222222224,496.1241653569374
2024-11-19,472.5108333333334,492.3646431285059
2024-11-20,402.2147222222222,490.0452327761918
2024-11-21,399.33583333333337,489.5091297464722
2024-11-22,451.6086111111111,489.35617655461095
2024-11-23,534.2430555555555,489.79990636726956
2024-11-24,554.5133333333334,487.9672676381487
2024-11-25,442.09527777777777,485.38885741035614
2024-11-26,421.0813888888889,485.53841886677793
2024-11-27,489.4219444444444,485.29822518141566
2024-11-28,498.61972222222226,487.7013150794152
2024-11-29,459.6477777777778,489.9771085250093
2024-11-30,504.3963888888889,494.7695171888899
2024-12-01,592.7283333333332,494.988464750819
2024-12-02,504.69166666666666,496.16936473350427
2024-12-03,485.03277777777777,497.99565167711404
2024-12-04,441.8366666666667,500.3876215995979
2024-12-05,469.0305555555555,503.2179065308001
2024-12-06,518.3272222222222,508.61512923760444
2024-12-07,594.9069444444444,514.3937117459222
2024-12-08,546.3980555555555,516.6184915041422
2024-12-09,453.4888888888889,520.8714960801357
2024-12-10,463.13244582757034,527.797491682331
2024-12-11,513.6262330924834,533.1011109224053
2024-12-12,498.2138210799462,540.061194132044
2024-12-13,429.8234504531379,549.7571243420696
2024-12-14,606.0159939913066,558.2095166606315
2024-12-15,606.8974268599288,558.7678061576239
2024-12-16,534.3339620289601,559.384556018861
2024-12-17,524.339673731007,564.3641636542051
2024-12-18,548.266715157882,570.0880022538599
2024-12-19,559.8793765658685,576.3856320759858
2024-12-20,606.4706234341315,585.0801988577665
2024-12-21,645.03423416798,591.6455093031914
2024-12-22,578.6562631945495,593.3614421617143
2024-12-23,567.4707773860441,597.2497762080834
2024-12-24,621.9153834582063,600.5091921361629
2024-12-25,521.9379225931195,604.2542728320539
2024-12-26,592.9853591343307,610.0229838422255
2024-12-27,677.7027294975262,615.5470099348096
2024-12-28,629.2184253004136,620.9354420983811
2024-12-29,663.4735996905379,621.6500189029111
2024-12-30,688.5320611880567,622.8683034680679
2024-12-31,639.2215128424428,625.0781138323063
2025-01-01,626.9724166619679,627.0610594853221
2025-01-02,714.1081797927432,629.9363036114819
2025-01-03,707.8829642417469,635.4648880846149
2025-01-04,726.0580947591064,638.6018559919363
2025-01-05,781.4064059888603,637.7808664525925
2025-01-06,641.5372845793742,635.3100979526519
2025-01-07,610.9954039715022,635.8804184384499
2025-01-08,521.7530164531131,637.7128078934034
2025-01-09,570.7203096887202,651.6158758352823
2025-01-10,593.030371549043,667.2682752221365
2025-01-11,679.1604015611159,680.998484398638
2025-01-12,709.3734467599061,684.8643224709442
2025-01-13,607.6866330649451,684.017826914259
2025-01-14,531.1365275614668,682.7051346980711
2025-01-15,566.9747884954908,679.4565193891963
2025-01-16,593.3243102335604,674.0999462915455
2025-01-17,680.8678553554109,670.7607818786784
2025-01-18,694.8653531182065,665.0571376421857
2025-01-19,776.5991907006841,653.4724986395504
2025-01-20,607.0051069288297,639.0849117611584
2025-01-21,625.0662819600591,625.5547949537622
2025-01-22,577.7534290925672,613.9349366863742
2025-01-23,573.3529677604964,605.7046218345653
2025-01-24,553.2023974887715,602.1399520526365
2025-01-25,676.2312510692026,596.723444229655
2025-01-26,743.2366330759597,587.2435353992529
2025-01-27,538.5717966981077,575.850638809778
2025-01-28,636.6731112676575,569.7293915742698
2025-01-29,671.6606296045637,566.137650265878
2025-01-30,580.9952839426733,563.418642280682
2025-01-31,664.6118682469533,565.8157874750917
2025-02-01,795.3500104276603,573.4653530000862
2025-02-02,783.9243647532791,572.8266865112122
2025-02-03,595.714254004963,573.5989186188541
2025-02-04,543.4852676482762,577.6370796761327
2025-02-05,596.3898755751669,587.2483465314793
2025-02-06,627.5100627751038,600.1361549221236
2025-02-07,641.7836878272184,616.3692255651025
2025-02-08,827.3903980885032,633.8685455381831
2025-02-09,764.2081601789365,646.672835129804
2025-02-10,599.6706884310959,662.346161646936
2025-02-11,658.2759302767324,680.2429856626034
2025-02-12,625.9380427557712,700.5430232690154
2025-02-13,647.4646452155232,727.0320454496693
2025-02-14,714.0719926889138,757.0435505660388
2025-02-15,747.1269125751397,786.8089867999323
2025-02-16,754.6812047301029,811.741292683049
2025-02-17,630.620587491953,837.8335502083411
2025-02-18,648.8881335956052,864.5962818995991
2025-02-19,641.7770152992147,891.5499191479698
2025-02-20,626.5233276290014,920.8882275044817
2025-02-21,608.2182964582527,953.288580098818
2025-02-22,740.0891352800387,987.3451453163406
2025-02-23,772.1884228749656,1016.6906575356095
2025-02-24,614.0470284325064,1045.2681953606163
2025-02-25,586.6699400522173,1074.9847578325882
2025-02-26,618.8356932356946,1108.6328644961513
2025-02-27,694.0917868162575,1145.282666429449
2025-02-28,1363.5731360720524,1180.0148523239693
2025-03-01,1654.9734736143942,1214.1688313050213
2025-03-02,1850.6182747201356,1245.1712333080222
2025-03-03,1638.8949567132354,1272.9708182995794
2025-03-04,1591.2592253213163,1304.5911339396434
2025-03-05,1595.8300948893395,1336.8830028846992
2025-03-06,1569.3887949982811,1368.737562133609
2025-03-07,1609.7807430413407,1402.7191478031664
2025-03-08,1837.0093219633864,1434.1350920333743
2025-03-09,1778.2674093056125,1457.6733898700968
2025-03-10,1555.4006418117772,1479.0750080015305
2025-03-11,1504.9142836682247,1502.3098266545544
2025-03-12,1447.3256098217669,1524.220286174793
2025-03-13,1486.958427331457,1548.7959749460927
2025-03-14,1580.601541039796,1572.9609840283529
2025-03-15,1845.8947753846141,1595.8924839487536
2025-03-16,1811.3307945284819,1613.6873609622119
2025-03-17,1662.611395560521,1626.7709452176316
2025-03-18,1447.0361219706351,1640.5061420015984
2025-03-19,1525.2195284058046,1652.8033246929556
2025-03-20,1557.3196837626922,1663.0142037009946
2025-03-21,1546.3745272969531,1672.7690842866664
2025-03-22,1715.4559925731915,1681.6332940548048
2025-03-23,1860.6116414408727,1682.4476852103091
2025-03-24,1504.372736811222,1679.8810805772325
2025-03-25,1454.5667090209877,1680.6516605798067
2025-03-26,1409.1460766734683,1682.6821122687113
2025-03-27,1552.9394712921764,1683.1365554729605
2025-03-28,1641.6844991566604,1683.6974286943332
2025-03-29,1750.8130526042135,1683.7688165022118
2025-03-30,1810.890098504963,1674.9056574959843
2025-03-31,1522.476617473236,1666.0033170992683
2025-04-01,1484.7571715890542,1658.9645723787025
2025-04-02,1452.0650823080641,1654.265025714544
2025-04-03,1509.3037109651696,1648.4849184754767
2025-04-04,1637.08265068621,1644.739323068158
2025-04-05,1835.0261529920358,1637.1284816717553
2025-04-06,1901.2421719576462,1629.6111268990003
2025-04-07,1554.4554793102827,1615.022088794991
2025-04-08,1564.5942293064866,1601.9434189554495
2025-04-09,1555.2659522175168,1589.2803174877163
2025-04-10,1433.0666475536375,1580.4501394582458
2025-04-11,1451.7482705942855,1572.2887969396481
2025-04-12,1657.059681218729,1569.5793356628058
2025-04-13,1754.4837394317005,1556.6747746922438
2025-04-14,1526.9678786493575,1547.0507197465624
2025-04-15,1536.3169740059125,1547.4334008114638
2025-04-16,1440.4146123607325,1551.0171627370294
2025-04-17,1597.9320371482245,1556.7988755003985
2025-04-18,1668.4607325613592,1570.3173614752016
2025-04-19,1614.800104551015,1572.7489258867822
2025-04-20,1611.0964952416798,1558.7255641405648
2025-04-21,1545.168497582459,1541.3788877013656
2025-04-22,1419.1876616398083,1525.0265224133593
2025-04-23,1534.7781841891488,1510.2434471244756
2025-04-24,1502.5915998071207,1500.0934192568498
2025-04-25,1521.674862205164,1493.9174638664415
2025-04-26,1709.2404982029539,1486.5914095989574
2025-04-27,1758.622865825352,1470.9758383811118
2025-04-28,1429.890895436339,1456.9242368666407
2025-04-29,1454.4996258346432,1450.391338082731
2025-04-30,1439.19697182464,1445.6053162396233
2025-05-01,1427.1022832614358,1445.280703315231
2025-05-02,1584.219118885844,1451.753874476487
2025-05-03,1645.694924459914,1456.542170336095
2025-05-04,1652.2806064303256,1450.775527625737
2025-05-05,1600.8280767436077,1447.2332973097896
2025-05-06,1526.657598571104,1448.2847798591904
2025-05-07,1426.5792368982861,1458.5981417721307
2025-05-08,1502.454811278632,1471.8066988612109
2025-05-09,1513.2040955689254,1490.8698269400752
2025-05-10,1474.556055950554,1512.5295459517934
2025-05-11,1597.2879679420864,1524.3698767629862
2025-05-12,1406.5397107390922,1535.0316020142714
2025-05-13,1302.5380587689829,1555.5721374909622
2025-05-14,1349.7119303201482,1579.2760260531893
2025-05-15,1404.1109343123624,1610.3354611910738
2025-05-16,1419.5146439604266,1641.1040356425672
2025-05-17,1526.7827807657115,1675.9617645992887
2025-05-18,1611.365061209752,1701.9349992839996
2025-05-19,1424.1205977784693,1725.8536123942204
2025-05-20,1453.5441139450033,1757.8999469413836
2025-05-21,1450.7664948148492,1790.186986387068
2025-05-22,1707.4702739417946,1826.0533249991422
2025-05-23,1716.7828212534446,1866.8606620637015
2025-05-24,1959.8051541045538,1911.4250765990078
2025-05-25,1955.8610263431776,1943.0434859450106
2025-05-26,2142.9413652191224,1974.9562814780004
2025-05-27,1893.9362993862794,2015.0343252014677
2025-05-28,1894.7905572400816,2057.3131538501507
2025-05-29,1947.0242442143983,2099.767470859214
2025-05-30,2166.393389818221,2147.1073276236884
2025-05-31,2208.8587853909903,2196.361612774489
2025-06-01,2506.788459336981,2234.0433617435574
2025-06-02,2078.818935504115,2267.7613379304025
2025-06-03,2215.6602438088175,2308.5323894296
2025-06-04,2529.416126287128,2347.770125525313
2025-06-05,2592.8047632856774,2390.9408847899726
2025-06-06,2625.830416389116,2435.2656434339424
2025-06-07,3017.6912849271926,2478.091970529717
2025-06-08,3120.9843974213063,2510.1666454328024
2025-06-09,2595.4130115874823,2541.788682434074
2025-06-10,2655.564212296223,2573.867138898833
2025-06-11,2512.876434680518,2608.4498995693407
2025-06-12,2495.6346895890765,2641.191135623461
2025-06-13,2702.315706488577,2674.9521560158823
2025-06-14,2877.6259398613424,2709.5150440053367
2025-06-15,2851.132894277675,2731.3467839593454
2025-06-16,2618.316539182525,2746.6988417338835
2025-06-17,2608.4660040572944,2766.505013456806
2025-06-18,2722.885939956485,2785.4438825675884
2025-06-19,2663.405859129608,2804.6672743806553
2025-06-20,2714.4875198373325,2827.3342185052907
2025-06-21,3021.5388370190617,2844.7412750133085
2025-06-22,2969.062861748745,2847.993689180424
2025-06-23,2596.880166269616,2850.396926471008
2025-06-24,2586.40750159747,2849.081185003285
2025-06-25,2564.6549607503744,2852.7556128573665
2025-06-26,2691.3254636797205,2857.127915604921
2025-06-27,2781.130452082865,2860.4500900068824
2025-06-28,3040.380905583343,2861.0129676850047
2025-06-29,3124.3562732500045,2855.8914392406164
2025-06-30,2693.460676914302,2843.162640609343
2025-07-01,2684.8584613171565,2834.6100219470923
2025-07-02,2750.407088149799,2827.6924338038043
2025-07-03,2715.725201335597,2822.468485880604
2025-07-04,2917.4525965187718,2818.8027050907567
2025-07-05,2942.9642483317293,2815.438739787737
2025-07-06,3216.5791451278114,2805.6502184956144
2025-07-07,2829.728420042698,2792.091780386386
2025-07-08,2718.26261271279,2783.323434313361
2025-07-09,2771.9213124586026,2775.948668525448
2025-07-10,2603.410352824415,2773.501514446665
2025-07-11,2590.8888105106457,2773.998790010874
2025-07-12,2776.6081186808606,2773.1414393777236
2025-07-13,3067.283727573154,2763.2769986506364
2025-07-14,2561.154485432636,2750.353445060152
2025-07-15,2620.163166493958,2733.9228047869105
2025-07-16,2683.266379258027,2724.4270381443894
2025-07-17,2773.4132895893486,2721.6042150598078
2025-07-18,2755.7538264804225,2720.9423278223157
2025-07-19,2879.4599468491724,2721.259013649746
2025-07-20,3009.2595209749775,2710.949067573467
2025-07-21,2603.7652673934913,2694.4796892419586
2025-07-22,2477.420994942293,2690.0948743987674
2025-07-23,2615.3575255527326,2683.143963324448
2025-07-24,2524.5402907826488,2676.9678953922207
2025-07-25,2620.6736391573036,2675.94810948286
2025-07-26,2891.13286154462,2676.7368538647306
2025-07-27,3027.212116122952,2659.2404879082546
2025-07-28,2500.7335544157177,2639.150222604328
2025-07-29,2504.8378698996958,2628.9142845514534
2025-07-30,2501.3023883923283,2617.3959716181243
2025-07-31,2537.3264249286226,2607.6246505082136
2025-08-01,2606.1691470415617,2606.731008137691
2025-08-02,2724.5446261987277,2601.9256534460897
2025-08-03,2928.9731567629133,2585.8378303891323
2025-08-04,2594.4008587931316,2570.3808152510196
2025-08-05,2427.973462323741,2558.4882383488607
2025-08-06,2416.281794631953,2551.0026751593123
2025-08-07,2444.6351924991513,2545.1443405037603
2025-08-08,2515.679328617571,2542.422519181635
2025-08-09,2806.1581568627184,2541.5205389600897
2025-08-10,2867.552469248564,2526.580692385888
2025-08-11,2320.9316992350728,2523.3384071779133
2025-08-12,2376.2989658342763,2517.1253121319373
2025-08-13,2210.1458431239967,2511.280605511006
2025-08-14,2492.2238369518036,2505.8106736286218
2025-08-15,2543.3981235141864,2500.7203948566857
2025-08-16,2697.0994592685392,2496.0131396254956
2025-08-17,2722.5803420339817,2491.690770423748
2025-08-18,2501.7758470677686,2487.753641798535
2025-08-19,2284.5931363239597,2484.200600355349
2025-08-20,2347.8040331457764,2481.028984758078
2025-08-21,2319.8624729119992,2478.234625729008
2025-08-22,2439.2688021480194,2475.811846048822
2025-08-23,2595.315960999344,2473.753460556603
2025-08-24,2666.63206310957,2472.0507761498284
2025-08-25,2446.8181557643547,2470.6935917843757
2025-08-26,2305.6262692411383,2469.670198474518
2025-08-27,2300.0457863481324,2468.967379292927
2025-08-28,2289.7091704263207,2468.570409370673
2025-08-29,2438.303086793845,2468.4630558972226
2025-08-30,2826.384262742524,2468.62757812044
2025-08-31,2796.0281257023753,2469.0447273465857
2025-09-01,2562.9956642628044,2469.693746940321
2025-09-02,2351.968909664296,2470.5523723247034
2025-09-03,2283.1090186761803,2471.5968309811865
2025-09-04,2310.480461971294,2472.801842449623
2025-09-05,2563.356689449405,2474.1406183282634
2025-09-06,2661.3245762083975,2475.5848622737544
2025-09-07,2925.6575678171234,2477.1047700011422
2025-09-08,2366.6867935775063,2478.669029283869
2025-09-09,2240.5680082042873,2480.244819953774
2025-09-10,2331.022828163469,2481.7978139010966
2025-09-11,2142.1897796213866,2483.2921750744713
2025-09-12,2367.6981246135265,2484.6905594809323
2025-09-13,2699.176317239485,2485.9541151859094
2025-09-14,2896.7034010628895,2487.0424823132303
2025-09-15,2388.455841385984,2487.9137930451207
2025-09-16,2434.879251928751,2488.5246716222064
2025-09-17,2474.981970277931,2488.830234343507
2025-09-18,2442.682772071058,2488.784089566439
2025-09-19,2333.160239243589,2488.3383377068226
2025-09-20,2740.440882141956,2487.4435712388677
2025-09-21,2764.059075657301,2486.0488746951887
2025-09-22,2353.9001806096007,2484.101824666793
2025-09-23,2338.97067659982,2481.548489803087
2025-09-24,2224.063561434828,2478.333430811873
2025-09-25,2345.2957742154686,2474.3997004593584
2025-09-26,2492.8888473402826,2469.688843570138
2025-09-27,2582.896358828843,2464.1408970272096
2025-09-28,2738.134606605136,2457.694389771966
2025-09-29,2311.6570758858684,2450.2863428042024
